Workbook

Sheet Сводка
A1: Сводный трекер текущего ремонта
A2: Сведено 27.10.2026 из трёх выгрузок: годовой план ПТО от 26.10.2026, файл исполнителей от 08.10.2026 с пополнениями от 16.10.2026, Битрикс24 от 27.10.2026. Отметки прежних снимков не используются. Все цифры считаются формулами по листу «Работы», просрочка — на сегодняшнюю дату. Стадии и проблемы — те же, что на странице трекера.
A4: Где мы сейчас — работы плана по стадиям
A5: Стадии идут по ходу работы: не начато → в работе → выполнено, ждёт акта → принято с актом. «Отложено на зиму» и «Нужно решение» — вне хода. Снятые с плана в проценты не входят.
A7: Стадия | B7: Работ | C7: % плана | D7: Из них с проблемой | E7: Какая проблема | I7: Что значит стадия
A8: Не начато | B8: =COUNTIF(Работы!$M$2:$M$450,"Не начато") -> 108 | C8: =IF($B$14=0,0,B8/$B$14) -> 0.24601367 | D8: =COUNTIFS(Работы!$M$2:$M$450,"Не начато",Работы!$P$2:$P$450,">0") -> 75 | E8: месяц плана прошёл | I8: Работа ещё не начата: «Не начато», «Передано исполнителю»
A9: В работе | B9: =COUNTIF(Работы!$M$2:$M$450,"В работе") -> 36 | C9: =IF($B$14=0,0,B9/$B$14) -> 0.082004556 | D9: =COUNTIFS(Работы!$M$2:$M$450,"В работе",Работы!$P$2:$P$450,">0") -> 20 | E9: дольше плана: месяц плана прошёл | I9: Идёт работа: «В работе», «На контроле», «Материал заказан»
A10: Выполнено, ждёт акта | B10: =COUNTIF(Работы!$M$2:$M$450,"Выполнено, ждёт акта") -> 160 | C10: =IF($B$14=0,0,B10/$B$14) -> 0.36446469 | D10: =COUNTIFS(Работы!$M$2:$M$450,"Выполнено, ждёт акта",Работы!$C$2:$C$450,"<"&TODAY()) -> 145 | E10: акт задерживается: месяц плана прошёл | I10: Исполнитель сделал работу, акт ещё не подписан
A11: Принято с актом | B11: =COUNTIF(Работы!$M$2:$M$450,"Принято с актом") -> 110 | C11: =IF($B$14=0,0,B11/$B$14) -> 0.25056948 | E11: — | I11: Работа закрыта актом
A12: Отложено на зиму | B12: =COUNTIF(Работы!$M$2:$M$450,"Отложено на зиму") -> 9 | C12: =IF($B$14=0,0,B12/$B$14) -> 0.020501139 | E12: — | I12: Перенесено на тёплый сезон
A13: Нужно решение | B13: =COUNTIF(Работы!$M$2:$M$450,"Нужно решение") -> 16 | C13: =IF($B$14=0,0,B13/$B$14) -> 0.036446469 | D13: =COUNTIFS(Работы!$M$2:$M$450,"Нужно решение",Работы!$P$2:$P$450,">0") -> 12 | E13: месяц плана прошёл | I13: Работа стоит: «Нужно решение», «Требует уточнения», «Нет статуса», «Голосование ОСС»
A14: Итого в плане | B14: =SUM(B8:B13) -> 439 | C14: =IF(B14=0,0,1) -> 1 | D14: =COUNTIF(Работы!$P$2:$P$450,">0") -> 107 | E14: просрочено всего | I14: Месяц плана прошёл, а работа не начата, в работе или стоит
A15: Снято с плана | B15: =COUNTIF(Работы!$M$2:$M$450,"Снято с плана") -> 10 | I15: В проценты не входит
A17: Итоги | B17: Значение | C17: % плана
A18: Выполнено: ждёт акта + принято с актом | B18: =B10+B11 -> 270 | C18: =IF($B$14=0,0,B18/$B$14) -> 0.61503417
A19: Принято с актом | B19: =B11 -> 110 | C19: =IF($B$14=0,0,B19/$B$14) -> 0.25056948
A20: Оценка плана, ₽ | B20: =SUMIFS(Работы!$I$2:$I$450,Работы!$M$2:$M$450,"<>Снято с плана") -> 36886631
A21: Факт, ₽ | B21: =SUMIFS(Работы!$J$2:$J$450,Работы!$M$2:$M$450,"<>Снято с плана") -> 19306392
A22: Работ без оценки | B22: =B14-COUNTIFS(Работы!$M$2:$M$450,"<>Снято с плана",Работы!$I$2:$I$450,">0") -> 176
A24: Где проблемы — по важности
A25: Красное срывает сроки, жёлтое копится, серое — порядок в данных. Сами работы — фильтром на листе «Работы» (столбец справа подсказывает, по каким столбцам).
A27: Проблема | B27: Работ | C27: Важность | E27: Кто решает | I27: Как найти на листе «Работы»
A28: Не начаты, хотя месяц плана прошёл | B28: =COUNTIFS(Работы!$M$2:$M$450,"Не начато",Работы!$P$2:$P$450,">0") -> 75 | C28: срывает сроки | E28: Исполнитель и ПТО: начать или перенести срок | I28: Стадия «Не начато», «Просрочено, дней» больше 0
A29: В работе дольше плана | B29: =COUNTIFS(Работы!$M$2:$M$450,"В работе",Работы!$P$2:$P$450,">0") -> 20 | C29: срывает сроки | E29: Мастер: дата завершения и что мешает | I29: Стадия «В работе», «Просрочено, дней» больше 0
A30: Работа стоит — нужно решение | B30: =COUNTIF(Работы!$M$2:$M$450,"Нужно решение") -> 16 | C30: срывает сроки | E30: Руководство и ПТО: решить или снять с плана | I30: Стадия «Нужно решение»
A31: Выполнены, но нет акта с прошлых месяцев | B31: =COUNTIFS(Работы!$M$2:$M$450,"Выполнено, ждёт акта",Работы!$C$2:$C$450,"<"&TODAY()) -> 145 | C31: копится | E31: ПТО: оформить и подписать акты | I31: Стадия «Выполнено, ждёт акта», месяц плана прошёл
A32: Открытые работы без мастера участка | B32: =COUNTIFS(Работы!$L$2:$L$450,"(не назначен)",Работы!$M$2:$M$450,"Не начато")+COUNTIFS(Работы!$L$2:$L$450,"(не назначен)",Работы!$M$2:$M$450,"В работе")+COUNTIFS(Работы!$L$2:$L$450,"(не назначен)",Работы!$M$2:$M$450,"Нужно решение") -> 58 | C32: копится | E32: Назначить ответственного мастера | I32: Мастер «(не назначен)», стадия не начато, в работе или нужно решение
A33: Открытые работы без исполнителя | B33: =COUNTIFS(Работы!$K$2:$K$450,"Не распределено",Работы!$M$2:$M$450,"Не начато")+COUNTIFS(Работы!$K$2:$K$450,"Не распределено",Работы!$M$2:$M$450,"В работе")+COUNTIFS(Работы!$K$2:$K$450,"Не распределено",Работы!$M$2:$M$450,"Нужно решение") -> 23 | C33: копится | E33: ПТО: решить, УК или подрядчик | I33: Исполнитель «Не распределено», стадия не начато, в работе или нужно решение
A34: Расходятся план, файл исполнителей и Битрикс24 | B34: =COUNTIF(Работы!$S$2:$S$450,"?*") -> 31 | C34: порядок в данных | E34: Администратор: сверить источники | I34: Столбец «Сверить» не пустой; список — на листе «Сверка»
A35: Выполнено, а в Битрикс24 стадия «Запланировано» | B35: =COUNTIFS(Работы!$M$2:$M$450,"Выполнено, ждёт акта",Работы!$Q$2:$Q$450,"Запланировано")+COUNTIFS(Работы!$M$2:$M$450,"Принято с актом",Работы!$Q$2:$Q$450,"Запланировано") -> 123 | C35: порядок в данных | E35: Ответственный за Битрикс24: обновить стадии | I35: «Стадия Битрикс24» — «Запланировано», стадия выполнено или принято
A37: По месяцам плана
A38: «Просрочен» — месяц закончился, а работы не сделаны. «Без акта» — всё сделано, но не все акты оформлены. «Закрыт» — всё принято с актом.
A40: Месяц плана | B40: В плане | C40: Не начато | D40: В работе | E40: Ждёт акта | F40: Принято | G40: На зиму | H40: Нужно решение | I40: Просрочено | J40: % выполнено | K40: % принято с актом | L40: Состояние месяца
A41: Февраль 2026 | B41: =COUNTIFS(Работы!$B$2:$B$450,"Февраль 2026",Работы!$M$2:$M$450,"<>Снято с плана") -> 7 | C41: =COUNTIFS(Работы!$B$2:$B$450,"Февраль 2026",Работы!$M$2:$M$450,"Не начато") -> 0 | D41: =COUNTIFS(Работы!$B$2:$B$450,"Февраль 2026",Работы!$M$2:$M$450,"В работе") -> 0 | E41: =COUNTIFS(Работы!$B$2:$B$450,"Февраль 2026",Работы!$M$2:$M$450,"Выполнено, ждёт акта") -> 2 | F41: =COUNTIFS(Работы!$B$2:$B$450,"Февраль 2026",Работы!$M$2:$M$450,"Принято с актом") -> 5 | G41: =COUNTIFS(Работы!$B$2:$B$450,"Февраль 2026",Работы!$M$2:$M$450,"Отложено на зиму") -> 0 | H41: =COUNTIFS(Работы!$B$2:$B$450,"Февраль 2026",Работы!$M$2:$M$450,"Нужно решение") -> 0 | I41: =COUNTIFS(Работы!$B$2:$B$450,"Февраль 2026",Работы!$P$2:$P$450,">0") -> 0 | J41: =IF(B41=0,"",(E41+F41)/B41) -> 1 | K41: =IF(B41=0,"",F41/B41) -> 0.71428571 | L41: =IF(DATE(2026,2,28)<TODAY(),IF(C41+D41+H41>0,"просрочен",IF(E41>0,"без акта "&E41,"закрыт")),IF(DATE(2026,2,1)<=TODAY(),"идёт сейчас","впереди")) -> без акта 2
A42: Март 2026 | B42: =COUNTIFS(Работы!$B$2:$B$450,"Март 2026",Работы!$M$2:$M$450,"<>Снято с плана") -> 2 | C42: =COUNTIFS(Работы!$B$2:$B$450,"Март 2026",Работы!$M$2:$M$450,"Не начато") -> 0 | D42: =COUNTIFS(Работы!$B$2:$B$450,"Март 2026",Работы!$M$2:$M$450,"В работе") -> 0 | E42: =COUNTIFS(Работы!$B$2:$B$450,"Март 2026",Работы!$M$2:$M$450,"Выполнено, ждёт акта") -> 0 | F42: =COUNTIFS(Работы!$B$2:$B$450,"Март 2026",Работы!$M$2:$M$450,"Принято с актом") -> 2 | G42: =COUNTIFS(Работы!$B$2:$B$450,"Март 2026",Работы!$M$2:$M$450,"Отложено на зиму") -> 0 | H42: =COUNTIFS(Работы!$B$2:$B$450,"Март 2026",Работы!$M$2:$M$450,"Нужно решение") -> 0 | I42: =COUNTIFS(Работы!$B$2:$B$450,"Март 2026",Работы!$P$2:$P$450,">0") -> 0 | J42: =IF(B42=0,"",(E42+F42)/B42) -> 1 | K42: =IF(B42=0,"",F42/B42) -> 1 | L42: =IF(DATE(2026,3,31)<TODAY(),IF(C42+D42+H42>0,"просрочен",IF(E42>0,"без акта "&E42,"закрыт")),IF(DATE(2026,3,1)<=TODAY(),"идёт сейчас","впереди")) -> закрыт
A43: Апрель 2026 | B43: =COUNTIFS(Работы!$B$2:$B$450,"Апрель 2026",Работы!$M$2:$M$450,"<>Снято с плана") -> 10 | C43: =COUNTIFS(Работы!$B$2:$B$450,"Апрель 2026",Работы!$M$2:$M$450,"Не начато") -> 0 | D43: =COUNTIFS(Работы!$B$2:$B$450,"Апрель 2026",Работы!$M$2:$M$450,"В работе") -> 0 | E43: =COUNTIFS(Работы!$B$2:$B$450,"Апрель 2026",Работы!$M$2:$M$450,"Выполнено, ждёт акта") -> 3 | F43: =COUNTIFS(Работы!$B$2:$B$450,"Апрель 2026",Работы!$M$2:$M$450,"Принято с актом") -> 7 | G43: =COUNTIFS(Работы!$B$2:$B$450,"Апрель 2026",Работы!$M$2:$M$450,"Отложено на зиму") -> 0 | H43: =COUNTIFS(Работы!$B$2:$B$450,"Апрель 2026",Работы!$M$2:$M$450,"Нужно решение") -> 0 | I43: =COUNTIFS(Работы!$B$2:$B$450,"Апрель 2026",Работы!$P$2:$P$450,">0") -> 0 | J43: =IF(B43=0,"",(E43+F43)/B43) -> 1 | K43: =IF(B43=0,"",F43/B43) -> 0.7 | L43: =IF(DATE(2026,4,30)<TODAY(),IF(C43+D43+H43>0,"просрочен",IF(E43>0,"без акта "&E43,"закрыт")),IF(DATE(2026,4,1)<=TODAY(),"идёт сейчас","впереди")) -> без акта 3
A44: Май 2026 | B44: =COUNTIFS(Работы!$B$2:$B$450,"Май 2026",Работы!$M$2:$M$450,"<>Снято с плана") -> 20 | C44: =COUNTIFS(Работы!$B$2:$B$450,"Май 2026",Работы!$M$2:$M$450,"Не начато") -> 0 | D44: =COUNTIFS(Работы!$B$2:$B$450,"Май 2026",Работы!$M$2:$M$450,"В работе") -> 0 | E44: =COUNTIFS(Работы!$B$2:$B$450,"Май 2026",Работы!$M$2:$M$450,"Выполнено, ждёт акта") -> 8 | F44: =COUNTIFS(Работы!$B$2:$B$450,"Май 2026",Работы!$M$2:$M$450,"Принято с актом") -> 12 | G44: =COUNTIFS(Работы!$B$2:$B$450,"Май 2026",Работы!$M$2:$M$450,"Отложено на зиму") -> 0 | H44: =COUNTIFS(Работы!$B$2:$B$450,"Май 2026",Работы!$M$2:$M$450,"Нужно решение") -> 0 | I44: =COUNTIFS(Работы!$B$2:$B$450,"Май 2026",Работы!$P$2:$P$450,">0") -> 0 | J44: =IF(B44=0,"",(E44+F44)/B44) -> 1 | K44: =IF(B44=0,"",F44/B44) -> 0.6 | L44: =IF(DATE(2026,5,31)<TODAY(),IF(C44+D44+H44>0,"просрочен",IF(E44>0,"без акта "&E44,"закрыт")),IF(DATE(2026,5,1)<=TODAY(),"идёт сейчас","впереди")) -> без акта 8
A45: Июнь 2026 | B45: =COUNTIFS(Работы!$B$2:$B$450,"Июнь 2026",Работы!$M$2:$M$450,"<>Снято с плана") -> 22 | C45: =COUNTIFS(Работы!$B$2:$B$450,"Июнь 2026",Работы!$M$2:$M$450,"Не начато") -> 0 | D45: =COUNTIFS(Работы!$B$2:$B$450,"Июнь 2026",Работы!$M$2:$M$450,"В работе") -> 0 | E45: =COUNTIFS(Работы!$B$2:$B$450,"Июнь 2026",Работы!$M$2:$M$450,"Выполнено, ждёт акта") -> 11 | F45: =COUNTIFS(Работы!$B$2:$B$450,"Июнь 2026",Работы!$M$2:$M$450,"Принято с актом") -> 11 | G45: =COUNTIFS(Работы!$B$2:$B$450,"Июнь 2026",Работы!$M$2:$M$450,"Отложено на зиму") -> 0 | H45: =COUNTIFS(Работы!$B$2:$B$450,"Июнь 2026",Работы!$M$2:$M$450,"Нужно решение") -> 0 | I45: =COUNTIFS(Работы!$B$2:$B$450,"Июнь 2026",Работы!$P$2:$P$450,">0") -> 0 | J45: =IF(B45=0,"",(E45+F45)/B45) -> 1 | K45: =IF(B45=0,"",F45/B45) -> 0.5 | L45: =IF(DATE(2026,6,30)<TODAY(),IF(C45+D45+H45>0,"просрочен",IF(E45>0,"без акта "&E45,"закрыт")),IF(DATE(2026,6,1)<=TODAY(),"идёт сейчас","впереди")) -> без акта 11
A46: Июль 2026 | B46: =COUNTIFS(Работы!$B$2:$B$450,"Июль 2026",Работы!$M$2:$M$450,"<>Снято с плана") -> 49 | C46: =COUNTIFS(Работы!$B$2:$B$450,"Июль 2026",Работы!$M$2:$M$450,"Не начато") -> 0 | D46: =COUNTIFS(Работы!$B$2:$B$450,"Июль 2026",Работы!$M$2:$M$450,"В работе") -> 0 | E46: =COUNTIFS(Работы!$B$2:$B$450,"Июль 2026",Работы!$M$2:$M$450,"Выполнено, ждёт акта") -> 16 | F46: =COUNTIFS(Работы!$B$2:$B$450,"Июль 2026",Работы!$M$2:$M$450,"Принято с актом") -> 33 | G46: =COUNTIFS(Работы!$B$2:$B$450,"Июль 2026",Работы!$M$2:$M$450,"Отложено на зиму") -> 0 | H46: =COUNTIFS(Работы!$B$2:$B$450,"Июль 2026",Работы!$M$2:$M$450,"Нужно решение") -> 0 | I46: =COUNTIFS(Работы!$B$2:$B$450,"Июль 2026",Работы!$P$2:$P$450,">0") -> 0 | J46: =IF(B46=0,"",(E46+F46)/B46) -> 1 | K46: =IF(B46=0,"",F46/B46) -> 0.67346939 | L46: =IF(DATE(2026,7,31)<TODAY(),IF(C46+D46+H46>0,"просрочен",IF(E46>0,"без акта "&E46,"закрыт")),IF(DATE(2026,7,1)<=TODAY(),"идёт сейчас","впереди")) -> без акта 16
A47: Август 2026 | B47: =COUNTIFS(Работы!$B$2:$B$450,"Август 2026",Работы!$M$2:$M$450,"<>Снято с плана") -> 26 | C47: =COUNTIFS(Работы!$B$2:$B$450,"Август 2026",Работы!$M$2:$M$450,"Не начато") -> 0 | D47: =COUNTIFS(Работы!$B$2:$B$450,"Август 2026",Работы!$M$2:$M$450,"В работе") -> 0 | E47: =COUNTIFS(Работы!$B$2:$B$450,"Август 2026",Работы!$M$2:$M$450,"Выполнено, ждёт акта") -> 6 | F47: =COUNTIFS(Работы!$B$2:$B$450,"Август 2026",Работы!$M$2:$M$450,"Принято с актом") -> 20 | G47: =COUNTIFS(Работы!$B$2:$B$450,"Август 2026",Работы!$M$2:$M$450,"Отложено на зиму") -> 0 | H47: =COUNTIFS(Работы!$B$2:$B$450,"Август 2026",Работы!$M$2:$M$450,"Нужно решение") -> 0 | I47: =COUNTIFS(Работы!$B$2:$B$450,"Август 2026",Работы!$P$2:$P$450,">0") -> 0 | J47: =IF(B47=0,"",(E47+F47)/B47) -> 1 | K47: =IF(B47=0,"",F47/B47) -> 0.76923077 | L47: =IF(DATE(2026,8,31)<TODAY(),IF(C47+D47+H47>0,"просрочен",IF(E47>0,"без акта "&E47,"закрыт")),IF(DATE(2026,8,1)<=TODAY(),"идёт сейчас","впереди")) -> без акта 6
A48: Сентябрь 2026 | B48: =COUNTIFS(Работы!$B$2:$B$450,"Сентябрь 2026",Работы!$M$2:$M$450,"<>Снято с плана") -> 232 | C48: =COUNTIFS(Работы!$B$2:$B$450,"Сентябрь 2026",Работы!$M$2:$M$450,"Не начато") -> 75 | D48: =COUNTIFS(Работы!$B$2:$B$450,"Сентябрь 2026",Работы!$M$2:$M$450,"В работе") -> 20 | E48: =COUNTIFS(Работы!$B$2:$B$450,"Сентябрь 2026",Работы!$M$2:$M$450,"Выполнено, ждёт акта") -> 99 | F48: =COUNTIFS(Работы!$B$2:$B$450,"Сентябрь 2026",Работы!$M$2:$M$450,"Принято с актом") -> 20 | G48: =COUNTIFS(Работы!$B$2:$B$450,"Сентябрь 2026",Работы!$M$2:$M$450,"Отложено на зиму") -> 6 | H48: =COUNTIFS(Работы!$B$2:$B$450,"Сентябрь 2026",Работы!$M$2:$M$450,"Нужно решение") -> 12 | I48: =COUNTIFS(Работы!$B$2:$B$450,"Сентябрь 2026",Работы!$P$2:$P$450,">0") -> 107 | J48: =IF(B48=0,"",(E48+F48)/B48) -> 0.51293103 | K48: =IF(B48=0,"",F48/B48) -> 0.086206897 | L48: =IF(DATE(2026,9,30)<TODAY(),IF(C48+D48+H48>0,"просрочен",IF(E48>0,"без акта "&E48,"закрыт")),IF(DATE(2026,9,1)<=TODAY(),"идёт сейчас","впереди")) -> просрочен
A49: Октябрь 2026 | B49: =COUNTIFS(Работы!$B$2:$B$450,"Октябрь 2026",Работы!$M$2:$M$450,"<>Снято с плана") -> 48 | C49: =COUNTIFS(Работы!$B$2:$B$450,"Октябрь 2026",Работы!$M$2:$M$450,"Не начато") -> 15 | D49: =COUNTIFS(Работы!$B$2:$B$450,"Октябрь 2026",Работы!$M$2:$M$450,"В работе") -> 12 | E49: =COUNTIFS(Работы!$B$2:$B$450,"Октябрь 2026",Работы!$M$2:$M$450,"Выполнено, ждёт акта") -> 15 | F49: =COUNTIFS(Работы!$B$2:$B$450,"Октябрь 2026",Работы!$M$2:$M$450,"Принято с актом") -> 0 | G49: =COUNTIFS(Работы!$B$2:$B$450,"Октябрь 2026",Работы!$M$2:$M$450,"Отложено на зиму") -> 2 | H49: =COUNTIFS(Работы!$B$2:$B$450,"Октябрь 2026",Работы!$M$2:$M$450,"Нужно решение") -> 4 | I49: =COUNTIFS(Работы!$B$2:$B$450,"Октябрь 2026",Работы!$P$2:$P$450,">0") -> 0 | J49: =IF(B49=0,"",(E49+F49)/B49) -> 0.3125 | K49: =IF(B49=0,"",F49/B49) -> 0 | L49: =IF(DATE(2026,10,31)<TODAY(),IF(C49+D49+H49>0,"просрочен",IF(E49>0,"без акта "&E49,"закрыт")),IF(DATE(2026,10,1)<=TODAY(),"идёт сейчас","впереди")) -> идёт сейчас
A50: Ноябрь 2026 | B50: =COUNTIFS(Работы!$B$2:$B$450,"Ноябрь 2026",Работы!$M$2:$M$450,"<>Снято с плана") -> 20 | C50: =COUNTIFS(Работы!$B$2:$B$450,"Ноябрь 2026",Работы!$M$2:$M$450,"Не начато") -> 16 | D50: =COUNTIFS(Работы!$B$2:$B$450,"Ноябрь 2026",Работы!$M$2:$M$450,"В работе") -> 3 | E50: =COUNTIFS(Работы!$B$2:$B$450,"Ноябрь 2026",Работы!$M$2:$M$450,"Выполнено, ждёт акта") -> 0 | F50: =COUNTIFS(Работы!$B$2:$B$450,"Ноябрь 2026",Работы!$M$2:$M$450,"Принято с актом") -> 0 | G50: =COUNTIFS(Работы!$B$2:$B$450,"Ноябрь 2026",Работы!$M$2:$M$450,"Отложено на зиму") -> 1 | H50: =COUNTIFS(Работы!$B$2:$B$450,"Ноябрь 2026",Работы!$M$2:$M$450,"Нужно решение") -> 0 | I50: =COUNTIFS(Работы!$B$2:$B$450,"Ноябрь 2026",Работы!$P$2:$P$450,">0") -> 0 | J50: =IF(B50=0,"",(E50+F50)/B50) -> 0 | K50: =IF(B50=0,"",F50/B50) -> 0 | L50: =IF(DATE(2026,11,30)<TODAY(),IF(C50+D50+H50>0,"просрочен",IF(E50>0,"без акта "&E50,"закрыт")),IF(DATE(2026,11,1)<=TODAY(),"идёт сейчас","впереди")) -> впереди
A51: Декабрь 2026 | B51: =COUNTIFS(Работы!$B$2:$B$450,"Декабрь 2026",Работы!$M$2:$M$450,"<>Снято с плана") -> 3 | C51: =COUNTIFS(Работы!$B$2:$B$450,"Декабрь 2026",Работы!$M$2:$M$450,"Не начато") -> 2 | D51: =COUNTIFS(Работы!$B$2:$B$450,"Декабрь 2026",Работы!$M$2:$M$450,"В работе") -> 1 | E51: =COUNTIFS(Работы!$B$2:$B$450,"Декабрь 2026",Работы!$M$2:$M$450,"Выполнено, ждёт акта") -> 0 | F51: =COUNTIFS(Работы!$B$2:$B$450,"Декабрь 2026",Работы!$M$2:$M$450,"Принято с актом") -> 0 | G51: =COUNTIFS(Работы!$B$2:$B$450,"Декабрь 2026",Работы!$M$2:$M$450,"Отложено на зиму") -> 0 | H51: =COUNTIFS(Работы!$B$2:$B$450,"Декабрь 2026",Работы!$M$2:$M$450,"Нужно решение") -> 0 | I51: =COUNTIFS(Работы!$B$2:$B$450,"Декабрь 2026",Работы!$P$2:$P$450,">0") -> 0 | J51: =IF(B51=0,"",(E51+F51)/B51) -> 0 | K51: =IF(B51=0,"",F51/B51) -> 0 | L51: =IF(DATE(2026,12,31)<TODAY(),IF(C51+D51+H51>0,"просрочен",IF(E51>0,"без акта "&E51,"закрыт")),IF(DATE(2026,12,1)<=TODAY(),"идёт сейчас","впереди")) -> впереди
A53: Кто отстаёт: исполнители
A54: Сначала — у кого больше просроченных работ (на дату сведения).
A56: Исполнитель | B56: В плане | C56: Не начато | D56: В работе | E56: Ждёт акта | F56: Принято | G56: На зиму | H56: Нужно решение | I56: Просрочено | J56: % выполнено | K56: % принято с актом
A57: Подрядчики | B57: =COUNTIFS(Работы!$K$2:$K$450,"Подрядчики",Работы!$M$2:$M$450,"<>Снято с плана") -> 140 | C57: =COUNTIFS(Работы!$K$2:$K$450,"Подрядчики",Работы!$M$2:$M$450,"Не начато") -> 78 | D57: =COUNTIFS(Работы!$K$2:$K$450,"Подрядчики",Работы!$M$2:$M$450,"В работе") -> 6 | E57: =COUNTIFS(Работы!$K$2:$K$450,"Подрядчики",Работы!$M$2:$M$450,"Выполнено, ждёт акта") -> 35 | F57: =COUNTIFS(Работы!$K$2:$K$450,"Подрядчики",Работы!$M$2:$M$450,"Принято с актом") -> 6 | G57: =COUNTIFS(Работы!$K$2:$K$450,"Подрядчики",Работы!$M$2:$M$450,"Отложено на зиму") -> 0 | H57: =COUNTIFS(Работы!$K$2:$K$450,"Подрядчики",Работы!$M$2:$M$450,"Нужно решение") -> 15 | I57: =COUNTIFS(Работы!$K$2:$K$450,"Подрядчики",Работы!$P$2:$P$450,">0") -> 75 | J57: =IF(B57=0,"",(E57+F57)/B57) -> 0.29285714 | K57: =IF(B57=0,"",F57/B57) -> 0.042857143
A58: УК | B58: =COUNTIFS(Работы!$K$2:$K$450,"УК",Работы!$M$2:$M$450,"<>Снято с плана") -> 180 | C58: =COUNTIFS(Работы!$K$2:$K$450,"УК",Работы!$M$2:$M$450,"Не начато") -> 7 | D58: =COUNTIFS(Работы!$K$2:$K$450,"УК",Работы!$M$2:$M$450,"В работе") -> 30 | E58: =COUNTIFS(Работы!$K$2:$K$450,"УК",Работы!$M$2:$M$450,"Выполнено, ждёт акта") -> 120 | F58: =COUNTIFS(Работы!$K$2:$K$450,"УК",Работы!$M$2:$M$450,"Принято с актом") -> 13 | G58: =COUNTIFS(Работы!$K$2:$K$450,"УК",Работы!$M$2:$M$450,"Отложено на зиму") -> 9 | H58: =COUNTIFS(Работы!$K$2:$K$450,"УК",Работы!$M$2:$M$450,"Нужно решение") -> 1 | I58: =COUNTIFS(Работы!$K$2:$K$450,"УК",Работы!$P$2:$P$450,">0") -> 21 | J58: =IF(B58=0,"",(E58+F58)/B58) -> 0.73888889 | K58: =IF(B58=0,"",F58/B58) -> 0.072222222
A59: Не распределено | B59: =COUNTIFS(Работы!$K$2:$K$450,"Не распределено",Работы!$M$2:$M$450,"<>Снято с плана") -> 119 | C59: =COUNTIFS(Работы!$K$2:$K$450,"Не распределено",Работы!$M$2:$M$450,"Не начато") -> 23 | D59: =COUNTIFS(Работы!$K$2:$K$450,"Не распределено",Работы!$M$2:$M$450,"В работе") -> 0 | E59: =COUNTIFS(Работы!$K$2:$K$450,"Не распределено",Работы!$M$2:$M$450,"Выполнено, ждёт акта") -> 5 | F59: =COUNTIFS(Работы!$K$2:$K$450,"Не распределено",Работы!$M$2:$M$450,"Принято с актом") -> 91 | G59: =COUNTIFS(Работы!$K$2:$K$450,"Не распределено",Работы!$M$2:$M$450,"Отложено на зиму") -> 0 | H59: =COUNTIFS(Работы!$K$2:$K$450,"Не распределено",Работы!$M$2:$M$450,"Нужно решение") -> 0 | I59: =COUNTIFS(Работы!$K$2:$K$450,"Не распределено",Работы!$P$2:$P$450,">0") -> 11 | J59: =IF(B59=0,"",(E59+F59)/B59) -> 0.80672269 | K59: =IF(B59=0,"",F59/B59) -> 0.76470588
A61: Кто отстаёт: мастера участков
A63: Мастер участка | B63: В плане | C63: Не начато | D63: В работе | E63: Ждёт акта | F63: Принято | G63: На зиму | H63: Нужно решение | I63: Просрочено | J63: % выполнено | K63: % принято с актом
A64: (не назначен) | B64: =COUNTIFS(Работы!$L$2:$L$450,"(не назначен)",Работы!$M$2:$M$450,"<>Снято с плана") -> 139 | C64: =COUNTIFS(Работы!$L$2:$L$450,"(не назначен)",Работы!$M$2:$M$450,"Не начато") -> 49 | D64: =COUNTIFS(Работы!$L$2:$L$450,"(не назначен)",Работы!$M$2:$M$450,"В работе") -> 1 | E64: =COUNTIFS(Работы!$L$2:$L$450,"(не назначен)",Работы!$M$2:$M$450,"Выполнено, ждёт акта") -> 28 | F64: =COUNTIFS(Работы!$L$2:$L$450,"(не назначен)",Работы!$M$2:$M$450,"Принято с актом") -> 53 | G64: =COUNTIFS(Работы!$L$2:$L$450,"(не назначен)",Работы!$M$2:$M$450,"Отложено на зиму") -> 0 | H64: =COUNTIFS(Работы!$L$2:$L$450,"(не назначен)",Работы!$M$2:$M$450,"Нужно решение") -> 8 | I64: =COUNTIFS(Работы!$L$2:$L$450,"(не назначен)",Работы!$P$2:$P$450,">0") -> 50 | J64: =IF(B64=0,"",(E64+F64)/B64) -> 0.58273381 | K64: =IF(B64=0,"",F64/B64) -> 0.38129496
A65: Зеленцов А.В. | B65: =COUNTIFS(Работы!$L$2:$L$450,"Зеленцов А.В.",Работы!$M$2:$M$450,"<>Снято с плана") -> 50 | C65: =COUNTIFS(Работы!$L$2:$L$450,"Зеленцов А.В.",Работы!$M$2:$M$450,"Не начато") -> 10 | D65: =COUNTIFS(Работы!$L$2:$L$450,"Зеленцов А.В.",Работы!$M$2:$M$450,"В работе") -> 5 | E65: =COUNTIFS(Работы!$L$2:$L$450,"Зеленцов А.В.",Работы!$M$2:$M$450,"Выполнено, ждёт акта") -> 17 | F65: =COUNTIFS(Работы!$L$2:$L$450,"Зеленцов А.В.",Работы!$M$2:$M$450,"Принято с актом") -> 12 | G65: =COUNTIFS(Работы!$L$2:$L$450,"Зеленцов А.В.",Работы!$M$2:$M$450,"Отложено на зиму") -> 3 | H65: =COUNTIFS(Работы!$L$2:$L$450,"Зеленцов А.В.",Работы!$M$2:$M$450,"Нужно решение") -> 3 | I65: =COUNTIFS(Работы!$L$2:$L$450,"Зеленцов А.В.",Работы!$P$2:$P$450,">0") -> 16 | J65: =IF(B65=0,"",(E65+F65)/B65) -> 0.58 | K65: =IF(B65=0,"",F65/B65) -> 0.24
A66: Гайдуков А.В. | B66: =COUNTIFS(Работы!$L$2:$L$450,"Гайдуков А.В.",Работы!$M$2:$M$450,"<>Снято с плана") -> 56 | C66: =COUNTIFS(Работы!$L$2:$L$450,"Гайдуков А.В.",Работы!$M$2:$M$450,"Не начато") -> 12 | D66: =COUNTIFS(Работы!$L$2:$L$450,"Гайдуков А.В.",Работы!$M$2:$M$450,"В работе") -> 6 | E66: =COUNTIFS(Работы!$L$2:$L$450,"Гайдуков А.В.",Работы!$M$2:$M$450,"Выполнено, ждёт акта") -> 15 | F66: =COUNTIFS(Работы!$L$2:$L$450,"Гайдуков А.В.",Работы!$M$2:$M$450,"Принято с актом") -> 20 | G66: =COUNTIFS(Работы!$L$2:$L$450,"Гайдуков А.В.",Работы!$M$2:$M$450,"Отложено на зиму") -> 3 | H66: =COUNTIFS(Работы!$L$2:$L$450,"Гайдуков А.В.",Работы!$M$2:$M$450,"Нужно решение") -> 0 | I66: =COUNTIFS(Работы!$L$2:$L$450,"Гайдуков А.В.",Работы!$P$2:$P$450,">0") -> 14 | J66: =IF(B66=0,"",(E66+F66)/B66) -> 0.625 | K66: =IF(B66=0,"",F66/B66) -> 0.35714286
A67: Шарафутдинов Р.Р. | B67: =COUNTIFS(Работы!$L$2:$L$450,"Шарафутдинов Р.Р.",Работы!$M$2:$M$450,"<>Снято с плана") -> 34 | C67: =COUNTIFS(Работы!$L$2:$L$450,"Шарафутдинов Р.Р.",Работы!$M$2:$M$450,"Не начато") -> 10 | D67: =COUNTIFS(Работы!$L$2:$L$450,"Шарафутдинов Р.Р.",Работы!$M$2:$M$450,"В работе") -> 6 | E67: =COUNTIFS(Работы!$L$2:$L$450,"Шарафутдинов Р.Р.",Работы!$M$2:$M$450,"Выполнено, ждёт акта") -> 9 | F67: =COUNTIFS(Работы!$L$2:$L$450,"Шарафутдинов Р.Р.",Работы!$M$2:$M$450,"Принято с актом") -> 8 | G67: =COUNTIFS(Работы!$L$2:$L$450,"Шарафутдинов Р.Р.",Работы!$M$2:$M$450,"Отложено на зиму") -> 0 | H67: =COUNTIFS(Работы!$L$2:$L$450,"Шарафутдинов Р.Р.",Работы!$M$2:$M$450,"Нужно решение") -> 1 | I67: =COUNTIFS(Работы!$L$2:$L$450,"Шарафутдинов Р.Р.",Работы!$P$2:$P$450,">0") -> 9 | J67: =IF(B67=0,"",(E67+F67)/B67) -> 0.5 | K67: =IF(B67=0,"",F67/B67) -> 0.23529412
A68: Сандюк Ю.В. | B68: =COUNTIFS(Работы!$L$2:$L$450,"Сандюк Ю.В.",Работы!$M$2:$M$450,"<>Снято с плана") -> 46 | C68: =COUNTIFS(Работы!$L$2:$L$450,"Сандюк Ю.В.",Работы!$M$2:$M$450,"Не начато") -> 10 | D68: =COUNTIFS(Работы!$L$2:$L$450,"Сандюк Ю.В.",Работы!$M$2:$M$450,"В работе") -> 2 | E68: =COUNTIFS(Работы!$L$2:$L$450,"Сандюк Ю.В.",Работы!$M$2:$M$450,"Выполнено, ждёт акта") -> 23 | F68: =COUNTIFS(Работы!$L$2:$L$450,"Сандюк Ю.В.",Работы!$M$2:$M$450,"Принято с актом") -> 9 | G68: =COUNTIFS(Работы!$L$2:$L$450,"Сандюк Ю.В.",Работы!$M$2:$M$450,"Отложено на зиму") -> 1 | H68: =COUNTIFS(Работы!$L$2:$L$450,"Сандюк Ю.В.",Работы!$M$2:$M$450,"Нужно решение") -> 1 | I68: =COUNTIFS(Работы!$L$2:$L$450,"Сандюк Ю.В.",Работы!$P$2:$P$450,">0") -> 8 | J68: =IF(B68=0,"",(E68+F68)/B68) -> 0.69565217 | K68: =IF(B68=0,"",F68/B68) -> 0.19565217
A69: Алиев Р.Р. | B69: =COUNTIFS(Работы!$L$2:$L$450,"Алиев Р.Р.",Работы!$M$2:$M$450,"<>Снято с плана") -> 15 | C69: =COUNTIFS(Работы!$L$2:$L$450,"Алиев Р.Р.",Работы!$M$2:$M$450,"Не начато") -> 0 | D69: =COUNTIFS(Работы!$L$2:$L$450,"Алиев Р.Р.",Работы!$M$2:$M$450,"В работе") -> 2 | E69: =COUNTIFS(Работы!$L$2:$L$450,"Алиев Р.Р.",Работы!$M$2:$M$450,"Выполнено, ждёт акта") -> 11 | F69: =COUNTIFS(Работы!$L$2:$L$450,"Алиев Р.Р.",Работы!$M$2:$M$450,"Принято с актом") -> 0 | G69: =COUNTIFS(Работы!$L$2:$L$450,"Алиев Р.Р.",Работы!$M$2:$M$450,"Отложено на зиму") -> 0 | H69: =COUNTIFS(Работы!$L$2:$L$450,"Алиев Р.Р.",Работы!$M$2:$M$450,"Нужно решение") -> 2 | I69: =COUNTIFS(Работы!$L$2:$L$450,"Алиев Р.Р.",Работы!$P$2:$P$450,">0") -> 4 | J69: =IF(B69=0,"",(E69+F69)/B69) -> 0.73333333 | K69: =IF(B69=0,"",F69/B69) -> 0
A70: Евграфов С.В. | B70: =COUNTIFS(Работы!$L$2:$L$450,"Евграфов С.В.",Работы!$M$2:$M$450,"<>Снято с плана") -> 22 | C70: =COUNTIFS(Работы!$L$2:$L$450,"Евграфов С.В.",Работы!$M$2:$M$450,"Не начато") -> 0 | D70: =COUNTIFS(Работы!$L$2:$L$450,"Евграфов С.В.",Работы!$M$2:$M$450,"В работе") -> 6 | E70: =COUNTIFS(Работы!$L$2:$L$450,"Евграфов С.В.",Работы!$M$2:$M$450,"Выполнено, ждёт акта") -> 14 | F70: =COUNTIFS(Работы!$L$2:$L$450,"Евграфов С.В.",Работы!$M$2:$M$450,"Принято с актом") -> 1 | G70: =COUNTIFS(Работы!$L$2:$L$450,"Евграфов С.В.",Работы!$M$2:$M$450,"Отложено на зиму") -> 1 | H70: =COUNTIFS(Работы!$L$2:$L$450,"Евграфов С.В.",Работы!$M$2:$M$450,"Нужно решение") -> 0 | I70: =COUNTIFS(Работы!$L$2:$L$450,"Евграфов С.В.",Работы!$P$2:$P$450,">0") -> 3 | J70: =IF(B70=0,"",(E70+F70)/B70) -> 0.68181818 | K70: =IF(B70=0,"",F70/B70) -> 0.045454545
A71: Вазюков В.С. | B71: =COUNTIFS(Работы!$L$2:$L$450,"Вазюков В.С.",Работы!$M$2:$M$450,"<>Снято с плана") -> 32 | C71: =COUNTIFS(Работы!$L$2:$L$450,"Вазюков В.С.",Работы!$M$2:$M$450,"Не начато") -> 4 | D71: =COUNTIFS(Работы!$L$2:$L$450,"Вазюков В.С.",Работы!$M$2:$M$450,"В работе") -> 1 | E71: =COUNTIFS(Работы!$L$2:$L$450,"Вазюков В.С.",Работы!$M$2:$M$450,"Выполнено, ждёт акта") -> 21 | F71: =COUNTIFS(Работы!$L$2:$L$450,"Вазюков В.С.",Работы!$M$2:$M$450,"Принято с актом") -> 6 | G71: =COUNTIFS(Работы!$L$2:$L$450,"Вазюков В.С.",Работы!$M$2:$M$450,"Отложено на зиму") -> 0 | H71: =COUNTIFS(Работы!$L$2:$L$450,"Вазюков В.С.",Работы!$M$2:$M$450,"Нужно решение") -> 0 | I71: =COUNTIFS(Работы!$L$2:$L$450,"Вазюков В.С.",Работы!$P$2:$P$450,">0") -> 2 | J71: =IF(B71=0,"",(E71+F71)/B71) -> 0.84375 | K71: =IF(B71=0,"",F71/B71) -> 0.1875
A72: Мастер участка (Север) | B72: =COUNTIFS(Работы!$L$2:$L$450,"Мастер участка (Север)",Работы!$M$2:$M$450,"<>Снято с плана") -> 31 | C72: =COUNTIFS(Работы!$L$2:$L$450,"Мастер участка (Север)",Работы!$M$2:$M$450,"Не начато") -> 2 | D72: =COUNTIFS(Работы!$L$2:$L$450,"Мастер участка (Север)",Работы!$M$2:$M$450,"В работе") -> 5 | E72: =COUNTIFS(Работы!$L$2:$L$450,"Мастер участка (Север)",Работы!$M$2:$M$450,"Выполнено, ждёт акта") -> 21 | F72: =COUNTIFS(Работы!$L$2:$L$450,"Мастер участка (Север)",Работы!$M$2:$M$450,"Принято с актом") -> 1 | G72: =COUNTIFS(Работы!$L$2:$L$450,"Мастер участка (Север)",Работы!$M$2:$M$450,"Отложено на зиму") -> 1 | H72: =COUNTIFS(Работы!$L$2:$L$450,"Мастер участка (Север)",Работы!$M$2:$M$450,"Нужно решение") -> 1 | I72: =COUNTIFS(Работы!$L$2:$L$450,"Мастер участка (Север)",Работы!$P$2:$P$450,">0") -> 1 | J72: =IF(B72=0,"",(E72+F72)/B72) -> 0.70967742 | K72: =IF(B72=0,"",F72/B72) -> 0.032258065
A73: Наумова Т.Ю. | B73: =COUNTIFS(Работы!$L$2:$L$450,"Наумова Т.Ю.",Работы!$M$2:$M$450,"<>Снято с плана") -> 14 | C73: =COUNTIFS(Работы!$L$2:$L$450,"Наумова Т.Ю.",Работы!$M$2:$M$450,"Не начато") -> 11 | D73: =COUNTIFS(Работы!$L$2:$L$450,"Наумова Т.Ю.",Работы!$M$2:$M$450,"В работе") -> 2 | E73: =COUNTIFS(Работы!$L$2:$L$450,"Наумова Т.Ю.",Работы!$M$2:$M$450,"Выполнено, ждёт акта") -> 1 | F73: =COUNTIFS(Работы!$L$2:$L$450,"Наумова Т.Ю.",Работы!$M$2:$M$450,"Принято с актом") -> 0 | G73: =COUNTIFS(Работы!$L$2:$L$450,"Наумова Т.Ю.",Работы!$M$2:$M$450,"Отложено на зиму") -> 0 | H73: =COUNTIFS(Работы!$L$2:$L$450,"Наумова Т.Ю.",Работы!$M$2:$M$450,"Нужно решение") -> 0 | I73: =COUNTIFS(Работы!$L$2:$L$450,"Наумова Т.Ю.",Работы!$P$2:$P$450,">0") -> 0 | J73: =IF(B73=0,"",(E73+F73)/B73) -> 0.071428571 | K73: =IF(B73=0,"",F73/B73) -> 0
A75: Кто отстаёт: управляющие компании
A77: Управляющая компания | B77: В плане | C77: Не начато | D77: В работе | E77: Ждёт акта | F77: Принято | G77: На зиму | H77: Нужно решение | I77: Просрочено | J77: % выполнено | K77: % принято с актом
A78: УК «СВ» | B78: =COUNTIFS(Работы!$E$2:$E$450,"УК «СВ»",Работы!$M$2:$M$450,"<>Снято с плана") -> 320 | C78: =COUNTIFS(Работы!$E$2:$E$450,"УК «СВ»",Работы!$M$2:$M$450,"Не начато") -> 64 | D78: =COUNTIFS(Работы!$E$2:$E$450,"УК «СВ»",Работы!$M$2:$M$450,"В работе") -> 27 | E78: =COUNTIFS(Работы!$E$2:$E$450,"УК «СВ»",Работы!$M$2:$M$450,"Выполнено, ждёт акта") -> 125 | F78: =COUNTIFS(Работы!$E$2:$E$450,"УК «СВ»",Работы!$M$2:$M$450,"Принято с актом") -> 85 | G78: =COUNTIFS(Работы!$E$2:$E$450,"УК «СВ»",Работы!$M$2:$M$450,"Отложено на зиму") -> 6 | H78: =COUNTIFS(Работы!$E$2:$E$450,"УК «СВ»",Работы!$M$2:$M$450,"Нужно решение") -> 13 | I78: =COUNTIFS(Работы!$E$2:$E$450,"УК «СВ»",Работы!$P$2:$P$450,">0") -> 66 | J78: =IF(B78=0,"",(E78+F78)/B78) -> 0.65625 | K78: =IF(B78=0,"",F78/B78) -> 0.265625
A79: УК «Союз» | B79: =COUNTIFS(Работы!$E$2:$E$450,"УК «Союз»",Работы!$M$2:$M$450,"<>Снято с плана") -> 73 | C79: =COUNTIFS(Работы!$E$2:$E$450,"УК «Союз»",Работы!$M$2:$M$450,"Не начато") -> 26 | D79: =COUNTIFS(Работы!$E$2:$E$450,"УК «Союз»",Работы!$M$2:$M$450,"В работе") -> 9 | E79: =COUNTIFS(Работы!$E$2:$E$450,"УК «Союз»",Работы!$M$2:$M$450,"Выполнено, ждёт акта") -> 24 | F79: =COUNTIFS(Работы!$E$2:$E$450,"УК «Союз»",Работы!$M$2:$M$450,"Принято с актом") -> 9 | G79: =COUNTIFS(Работы!$E$2:$E$450,"УК «Союз»",Работы!$M$2:$M$450,"Отложено на зиму") -> 3 | H79: =COUNTIFS(Работы!$E$2:$E$450,"УК «Союз»",Работы!$M$2:$M$450,"Нужно решение") -> 2 | I79: =COUNTIFS(Работы!$E$2:$E$450,"УК «Союз»",Работы!$P$2:$P$450,">0") -> 23 | J79: =IF(B79=0,"",(E79+F79)/B79) -> 0.45205479 | K79: =IF(B79=0,"",F79/B79) -> 0.12328767
A80: УК «Домовой» | B80: =COUNTIFS(Работы!$E$2:$E$450,"УК «Домовой»",Работы!$M$2:$M$450,"<>Снято с плана") -> 42 | C80: =COUNTIFS(Работы!$E$2:$E$450,"УК «Домовой»",Работы!$M$2:$M$450,"Не начато") -> 16 | D80: =COUNTIFS(Работы!$E$2:$E$450,"УК «Домовой»",Работы!$M$2:$M$450,"В работе") -> 0 | E80: =COUNTIFS(Работы!$E$2:$E$450,"УК «Домовой»",Работы!$M$2:$M$450,"Выполнено, ждёт акта") -> 10 | F80: =COUNTIFS(Работы!$E$2:$E$450,"УК «Домовой»",Работы!$M$2:$M$450,"Принято с актом") -> 16 | G80: =COUNTIFS(Работы!$E$2:$E$450,"УК «Домовой»",Работы!$M$2:$M$450,"Отложено на зиму") -> 0 | H80: =COUNTIFS(Работы!$E$2:$E$450,"УК «Домовой»",Работы!$M$2:$M$450,"Нужно решение") -> 0 | I80: =COUNTIFS(Работы!$E$2:$E$450,"УК «Домовой»",Работы!$P$2:$P$450,">0") -> 16 | J80: =IF(B80=0,"",(E80+F80)/B80) -> 0.61904762 | K80: =IF(B80=0,"",F80/B80) -> 0.38095238
A81: ТСЖ «Звезда» | B81: =COUNTIFS(Работы!$E$2:$E$450,"ТСЖ «Звезда»",Работы!$M$2:$M$450,"<>Снято с плана") -> 2 | C81: =COUNTIFS(Работы!$E$2:$E$450,"ТСЖ «Звезда»",Работы!$M$2:$M$450,"Не начато") -> 2 | D81: =COUNTIFS(Работы!$E$2:$E$450,"ТСЖ «Звезда»",Работы!$M$2:$M$450,"В работе") -> 0 | E81: =COUNTIFS(Работы!$E$2:$E$450,"ТСЖ «Звезда»",Работы!$M$2:$M$450,"Выполнено, ждёт акта") -> 0 | F81: =COUNTIFS(Работы!$E$2:$E$450,"ТСЖ «Звезда»",Работы!$M$2:$M$450,"Принято с актом") -> 0 | G81: =COUNTIFS(Работы!$E$2:$E$450,"ТСЖ «Звезда»",Работы!$M$2:$M$450,"Отложено на зиму") -> 0 | H81: =COUNTIFS(Работы!$E$2:$E$450,"ТСЖ «Звезда»",Работы!$M$2:$M$450,"Нужно решение") -> 0 | I81: =COUNTIFS(Работы!$E$2:$E$450,"ТСЖ «Звезда»",Работы!$P$2:$P$450,">0") -> 1 | J81: =IF(B81=0,"",(E81+F81)/B81) -> 0 | K81: =IF(B81=0,"",F81/B81) -> 0
A82: УК «Домок» | B82: =COUNTIFS(Работы!$E$2:$E$450,"УК «Домок»",Работы!$M$2:$M$450,"<>Снято с плана") -> 1 | C82: =COUNTIFS(Работы!$E$2:$E$450,"УК «Домок»",Работы!$M$2:$M$450,"Не начато") -> 0 | D82: =COUNTIFS(Работы!$E$2:$E$450,"УК «Домок»",Работы!$M$2:$M$450,"В работе") -> 0 | E82: =COUNTIFS(Работы!$E$2:$E$450,"УК «Домок»",Работы!$M$2:$M$450,"Выполнено, ждёт акта") -> 0 | F82: =COUNTIFS(Работы!$E$2:$E$450,"УК «Домок»",Работы!$M$2:$M$450,"Принято с актом") -> 0 | G82: =COUNTIFS(Работы!$E$2:$E$450,"УК «Домок»",Работы!$M$2:$M$450,"Отложено на зиму") -> 0 | H82: =COUNTIFS(Работы!$E$2:$E$450,"УК «Домок»",Работы!$M$2:$M$450,"Нужно решение") -> 1 | I82: =COUNTIFS(Работы!$E$2:$E$450,"УК «Домок»",Работы!$P$2:$P$450,">0") -> 1 | J82: =IF(B82=0,"",(E82+F82)/B82) -> 0 | K82: =IF(B82=0,"",F82/B82) -> 0
A83: УК МИДЕ | B83: =COUNTIFS(Работы!$E$2:$E$450,"УК МИДЕ",Работы!$M$2:$M$450,"<>Снято с плана") -> 1 | C83: =COUNTIFS(Работы!$E$2:$E$450,"УК МИДЕ",Работы!$M$2:$M$450,"Не начато") -> 0 | D83: =COUNTIFS(Работы!$E$2:$E$450,"УК МИДЕ",Работы!$M$2:$M$450,"В работе") -> 0 | E83: =COUNTIFS(Работы!$E$2:$E$450,"УК МИДЕ",Работы!$M$2:$M$450,"Выполнено, ждёт акта") -> 1 | F83: =COUNTIFS(Работы!$E$2:$E$450,"УК МИДЕ",Работы!$M$2:$M$450,"Принято с актом") -> 0 | G83: =COUNTIFS(Работы!$E$2:$E$450,"УК МИДЕ",Работы!$M$2:$M$450,"Отложено на зиму") -> 0 | H83: =COUNTIFS(Работы!$E$2:$E$450,"УК МИДЕ",Работы!$M$2:$M$450,"Нужно решение") -> 0 | I83: =COUNTIFS(Работы!$E$2:$E$450,"УК МИДЕ",Работы!$P$2:$P$450,">0") -> 0 | J83: =IF(B83=0,"",(E83+F83)/B83) -> 1 | K83: =IF(B83=0,"",F83/B83) -> 0
A85: «В плане» — без снятых работ. «Просрочено» — работа не начата, в работе или стоит, а месяц плана закончился; считается от сегодняшней даты. «% выполнено» = (ждёт акта + принято с актом) / в плане.

Sheet Работы
A1: № | B1: Месяц плана | C1: Срок (конец месяца) | D1: Адрес | E1: Управляющая компания | F1: Работа | G1: Вид работ | H1: Основание | I1: Оценка, ₽ | J1: Факт, ₽ | K1: Исполнитель | L1: Мастер участка | M1: Стадия | N1: Статус | O1: Акт | P1: Просрочено, дней | Q1: Стадия Битрикс24 | R1: Сроки Битрикс24 | S1: Сверить | T1: Источники статуса | U1: Строка годового плана
A2: 1 | B2: Февраль 2026 | C2: 46081 | D2: Аблукова ул, 83 | E2: УК «СВ» | F2: Установка ТРЖ, 6 шт. | G2: ТРЖ | H2: На основании протокола №20251100115306 от 18.12.2025 | I2: 600000 | J2: 732490.26 | K2: Не распределено | L2: (не назначен) | M2: =IFERROR(VLOOKUP(N2,Словарь!$A$2:$B$15,2,FALSE()),"Нужно решение") -> Принято с актом | N2: Принято, акт есть | O2: есть | P2: =IF(AND(OR(M2="Не начато",M2="В работе",M2="Нужно решение"),C2<TODAY()),TODAY()-C2,"") | T2: 26.10: Принято, акт есть | U2: 8
A3: 2 | B3: Февраль 2026 | C3: 46081 | D3: Аблукова ул, 83 | E3: УК «СВ» | F3: Спил и обрезка деревьев на придомовой территории | G3: Благоустройство | H3: На основании протокола №20251100115306 от 18.12.2025 | I3: 50000 | J3: 19528.71 | K3: УК | L3: Гайдуков А.В. | M3: =IFERROR(VLOOKUP(N3,Словарь!$A$2:$B$15,2,FALSE()),"Нужно решение") -> Принято с актом | N3: Принято, акт есть | O3: есть | P3: =IF(AND(OR(M3="Не начато",M3="В работе",M3="Нужно решение"),C3<TODAY()),TODAY()-C3,"") | Q3: Успешно | R3: срок 01.02.2026 – 28.02.2026; создана 02.10.2026 | T3: 08.10: Выполнено, акта нет → 26.10: Принято, акт есть → 27.10 Битрикс: Принято, акт есть | U3: 9
A4: 3 | B4: Февраль 2026 | C4: 46081 | D4: Верхнеполевая ул, 21 | E4: УК «СВ» | F4: Установка светильников подъезд 1,2, 32 шт. | G4: Электрика | H4: На основании заявления №4214/ОС от 30.12.2025 | I4: 64000 | K4: УК | L4: Шарафутдинов Р.Р. | M4: =IFERROR(VLOOKUP(N4,Словарь!$A$2:$B$15,2,FALSE()),"Нужно решение") -> Выполнено, ждёт акта | N4: Выполнено, акта нет | O4: нет | P4: =IF(AND(OR(M4="Не начато",M4="В работе",M4="Нужно решение"),C4<TODAY()),TODAY()-C4,"") | Q4: Успешно | R4: срок 01.02.2026 – 28.02.2026; создана 02.10.2026 | T4: 08.10: Выполнено, акта нет → 26.10: Выполнено, акта нет → 27.10 Битрикс: Выполнено, акта нет | U4: 10
A5: 4 | B5: Февраль 2026 | C5: 46081 | D5: Минаева ул, 5 | E5: УК «СВ» | F5: Установка светильников датчиков движения в боксах, 90 шт. | G5: Электрика | I5: 201265.04 | J5: 201265.04 | K5: Не распределено | L5: Сандюк Ю.В. | M5: =IFERROR(VLOOKUP(N5,Словарь!$A$2:$B$15,2,FALSE()),"Нужно решение") -> Принято с актом | N5: Принято, акт есть | O5: есть (КС-2 в Битрикс24) | P5: =IF(AND(OR(M5="Не начато",M5="В работе",M5="Нужно решение"),C5<TODAY()),TODAY()-C5,"") | Q5: Успешно | R5: срок 01.02.2026 – 28.02.2026; создана 02.10.2026 | T5: 08.10: Выполнено, акта нет → 26.10: Принято, акт есть → 27.10 Битрикс: Принято, акт есть | U5: 11
A6: 5 | B6: Февраль 2026 | C6: 46081 | D6: Полбина пр-д, 4 | E6: УК «СВ» | F6: Установка зонтов над ВК подъезд №1 | G6: Подъезды | I6: 50000 | J6: 7750 | K6: Не распределено | L6: (не назначен) | M6: =IFERROR(VLOOKUP(N6,Словарь!$A$2:$B$15,2,FALSE()),"Нужно решение") -> Принято с актом | N6: Принято, акт есть | O6: есть (КС-2 в Битрикс24) | P6: =IF(AND(OR(M6="Не начато",M6="В работе",M6="Нужно решение"),C6<TODAY()),TODAY()-C6,"") | Q6: Успешно | R6: срок 02.10.2026 – 02.10.2026; создана 02.10.2026 | T6: 08.10: Выполнено, акта нет → 26.10: Принято, акт есть → 27.10 Битрикс: Принято, акт есть | U6: 12
A7: 6 | B7: Февраль 2026 | C7: 46081 | D7: Поливенская ул, 29 | E7: УК «СВ» | F7: Замена ОДПУ ХВС | G7: Приборы учёта | H7: На основании заявления №964/ОС от 23.12.2025 года | K7: Не распределено | L7: Зеленцов А.В. | M7: =IFERROR(VLOOKUP(N7,Словарь!$A$2:$B$15,2,FALSE()),"Нужно решение") -> Снято с плана | N7: Снято | P7: =IF(AND(OR(M7="Не начато",M7="В работе",M7="Нужно решение"),C7<TODAY()),TODAY()-C7,"") | Q7: Отказано | R7: срок 01.02.2026 – 28.02.2026; создана 02.10.2026 | T7: 08.10: Снято → 26.10: Снято → 27.10 Битрикс: Снято · План: Отказ | U7: 13
A8: 7 | B8: Февраль 2026 | C8: 46081 | D8: Пушкарева ул, 40 | E8: УК «СВ» | F8: Уборка подвала | G8: Санитарное содержание | H8: На основании акта обследования от 27.11.2025 | I8: 20000 | K8: УК | L8: Евграфов С.В. | M8: =IFERROR(VLOOKUP(N8,Словарь!$A$2:$B$15,2,FALSE()),"Нужно решение") -> Выполнено, ждёт акта | N8: Выполнено, акта нет | O8: передан в ПТО | P8: =IF(AND(OR(M8="Не начато",M8="В работе",M8="Нужно решение"),C8<TODAY()),TODAY()-C8,"") | Q8: Успешно | R8: срок 01.02.2026 – 28.02.2026; создана 02.10.2026 | T8: 08.10: Выполнено, акта нет → 26.10: Выполнено, акта нет → 27.10 Битрикс: Выполнено, акта нет | U8: 14
A9: 8 | B9: Февраль 2026 | C9: 46081 | D9: Уютная ул, 10 | E9: УК «Союз» | F9: Ремонт лежака системы КНС в подвале | G9: Инженерные сети | I9: 55000 | J9: 94925 | K9: Не распределено | L9: Зеленцов А.В. | M9: =IFERROR(VLOOKUP(N9,Словарь!$A$2:$B$15,2,FALSE()),"Нужно решение") -> Принято с актом | N9: Принято, акт есть | O9: есть (КС-2 в Битрикс24) | P9: =IF(AND(OR(M9="Не начато",M9="В работе",M9="Нужно решение"),C9<TODAY()),TODAY()-C9,"") | Q9: Успешно | R9: срок 01.02.2026 – 28.02.2026; создана 02.10.2026 | T9: 08.10: Выполнено, акта нет → 26.10: Принято, акт есть → 27.10 Битрикс: Принято, акт есть | U9: 15
A10: 9 | B10: Март 2026 | C10: 46112 | D10: Кузнецова ул, 6 | E10: УК «СВ» | F10: Ремонт л/площадки 2,3,14 этаж | G10: Благоустройство | I10: 400000 | J10: 379200.66 | K10: Не распределено | L10: Сандюк Ю.В. | M10: =IFERROR(VLOOKUP(N10,Словарь!$A$2:$B$15,2,FALSE()),"Нужно решение") -> Принято с актом | N10: Принято, акт есть | O10: есть (КС-2 в Битрикс24) | P10: =IF(AND(OR(M10="Не начато",M10="В работе",M10="Нужно решение"),C10<TODAY()),TODAY()-C10,"") | Q10: Успешно | R10: срок 01.03.2026 – 31.03.2026; создана 02.10.2026 | T10: 08.10: Выполнено, акта нет → 26.10: Принято, акт есть → 27.10 Битрикс: Принято, акт есть | U10: 18
A11: 10 | B11: Март 2026 | C11: 46112 | D11: Любови Шевцовой ул 54Б корп. 3 | E11: УК «СВ» | F11: Ремонт л/к стен и потолков 9-10 эт. | G11: Подъезды | H11: На основании заявления №4090/ОС от 18.12.2025 года | I11: 234873.82 | J11: 234873.82 | K11: Не распределено | L11: (не назначен) | M11: =IFERROR(VLOOKUP(N11,Словарь!$A$2:$B$15,2,FALSE()),"Нужно решение") -> Принято с актом | N11: Принято, акт есть | O11: есть (КС-2 в Битрикс24) | P11: =IF(AND(OR(M11="Не начато",M11="В работе",M11="Нужно решение"),C11<TODAY()),TODAY()-C11,"") | Q11: Успешно | R11: срок 01.03.2026 – 31.03.2026; создана 02.10.2026 | T11: 08.10: Выполнено, акта нет → 26.10: Принято, акт есть → 27.10 Битрикс: Принято, акт есть | U11: 19
A12: 11 | B12: Апрель 2026 | C12: 46142 | D12: Артема ул, 25 | E12: УК «СВ» | F12: Перенос скамеек | G12: Прочее | H12: На основании заявления 3849 | K12: Не распределено | L12: Гайдуков А.В. | M12: =IFERROR(VLOOKUP(N12,Словарь!$A$2:$B$15,2,FALSE()),"Нужно решение") -> Принято с актом | N12: Принято, акт есть | O12: есть | P12: =IF(AND(OR(M12="Не начато",M12="В работе",M12="Нужно решение"),C12<TODAY()),TODAY()-C12,"") | Q12: Успешно | R12: срок 01.04.2026 – 30.04.2026; создана 02.10.2026 | T12: 08.10: Выполнено, акта нет → 26.10: Принято, акт есть → 27.10 Битрикс: Принято, акт есть | U12: 22
A13: 12 | B13: Апрель 2026 | C13: 46142 | D13: Артема ул, 43 | E13: УК «СВ» | F13: Ремонт прилигания козырьков подъезд №2 | G13: Кровля и козырьки | H13: на основании акта обследования о 01.04.2026 | I13: 7000 | J13: 7994.31 | K13: Не распределено | L13: Гайдуков А.В. | M13: =IFERROR(VLOOKUP(N13,Словарь!$A$2:$B$15,2,FALSE()),"Нужно решение") -> Принято с актом | N13: Принято, акт есть | O13: есть (КС-2 в Битрикс24) | P13: =IF(AND(OR(M13="Не начато",M13="В работе",M13="Нужно решение"),C13<TODAY()),TODAY()-C13,"") | Q13: Успешно | R13: срок 01.04.2026 – 30.04.2026; создана 02.10.2026 | T13: 08.10: Выполнено, акта нет → 26.10: Принято, акт есть → 27.10 Битрикс: Принято, акт есть | U13: 23
A14: 13 | B14: Апрель 2026 | C14: 46142 | D14: Доватора ул, 14А | E14: УК «СВ» | F14: Ремонт МПШ кв.№87 (8 904-191-18-55) | G14: Фасад и МПШ | H14: на основании акта обследования от 03.03.2026 | I14: 45000 | J14: 89320 | K14: Не распределено | L14: (не назначен) | M14: =IFERROR(VLOOKUP(N14,Словарь!$A$2:$B$15,2,FALSE()),"Нужно решение") -> Принято с актом | N14: Принято, акт есть | O14: есть (КС-2 в Битрикс24) | P14: =IF(AND(OR(M14="Не начато",M14="В работе",M14="Нужно решение"),C14<TODAY()),TODAY()-C14,"") | Q14: Успешно | R14: срок 01.04.2026 – 30.04.2026; создана 02.10.2026 | T14: 08.10: Выполнено, акта нет → 26.10: Принято, акт есть → 27.10 Битрикс: Принято, акт есть | U14: 24
A15: 14 | B15: Апрель 2026 | C15: 46142 | D15: Доватора ул, 14А | E15: УК «СВ» | F15: Установка лавочек подъезд №3 | G15: Благоустройство | H15: личный прием граждан | I15: 7500 | J15: 29806.52 | K15: Не распределено | L15: (не назначен) | M15: =IFERROR(VLOOKUP(N15,Словарь!$A$2:$B$15,2,FALSE()),"Нужно решение") -> Принято с актом | N15: Принято, акт есть | O15: есть (КС-2 в Битрикс24) | P15: =IF(AND(OR(M15="Не начато",M15="В работе",M15="Нужно решение"),C15<TODAY()),TODAY()-C15,"") | Q15: Успешно | R15: срок 01.04.2026 – 30.04.2026; создана 02.10.2026 | T15: 08.10: Выполнено, акта нет → 26.10: Принято, акт есть → 27.10 Битрикс: Принято, акт есть | U15: 25
A16: 15 | B16: Апрель 2026 | C16: 46142 | D16: Маяковского ул, 11/47 | E16: УК «СВ» | F16: Ремонт температурного шва подъезд №1 | G16: Благоустройство | H16: На основании заявления №3177/ОС от 24.09.2025 | I16: 22500 | K16: Подрядчики | L16: Зеленцов А.В. | M16: =IFERROR(VLOOKUP(N16,Словарь!$A$2:$B$15,2,FALSE()),"Нужно решение") -> Выполнено, ждёт акта | N16: Выполнено, акта нет | O16: нет | P16: =IF(AND(OR(M16="Не начато",M16="В работе",M16="Нужно решение"),C16<TODAY()),TODAY()-C16,"") | Q16: Успешно | R16: срок 01.04.2026 – 30.04.2026; создана 02.10.2026 | T16: 08.10: Выполнено, акта нет → 26.10: Выполнено, акта нет → 27.10 Битрикс: Выполнено, акта нет | U16: 26
A17: 16 | B17: Апрель 2026 | C17: 46142 | D17: Полбина пр-д, 4 | E17: УК «СВ» | F17: Ремонт примыканий ДВК к кровли над кв.№39 | G17: Кровля и козырьки | H17: На основании акта обследования от 13.03.2026 | I17: 70000 | K17: УК | L17: Алиев Р.Р. | M17: =IFERROR(VLOOKUP(N17,Словарь!$A$2:$B$15,2,FALSE()),"Нужно решение") -> Выполнено, ждёт акта | N17: Выполнено, акта нет | O17: передан в ПТО | P17: =IF(AND(OR(M17="Не начато",M17="В работе",M17="Нужно решение"),C17<TODAY()),TODAY()-C17,"") | Q17: Успешно | R17: срок 01.04.2026 – 30.04.2026; создана 02.10.2026 | T17: 08.10: Выполнено, акта нет → 26.10: Выполнено, акта нет → 27.10 Битрикс: Выполнено, акта нет | U17: 27
A18: 17 | B18: Апрель 2026 | C18: 46142 | D18: Пушкарева ул, 8А | E18: УК «СВ» | F18: Ремонт крылец, восстановление обшивки с торца по гарантии | G18: Благоустройство | H18: На основании ранее написанного заявления (в план поставили после личного приема ) | I18: 1000 | K18: УК | L18: Евграфов С.В. | M18: =IFERROR(VLOOKUP(N18,Словарь!$A$2:$B$15,2,FALSE()),"Нужно решение") -> Выполнено, ждёт акта | N18: Выполнено, акта нет | O18: передан в ПТО | P18: =IF(AND(OR(M18="Не начато",M18="В работе",M18="Нужно решение"),C18<TODAY()),TODAY()-C18,"") | Q18: Успешно | R18: срок 01.04.2026 – 30.04.2026; создана 02.10.2026 | T18: 08.10: Выполнено, акта нет → 26.10: Выполнено, акта нет → 27.10 Битрикс: Выполнено, акта нет | U18: 28
A19: 18 | B19: Апрель 2026 | C19: 46142 | D19: Пушкарева ул, 8А | E19: УК «СВ» | F19: Ремонт л/марша 1-6 подъезд (недостающие прутья) | G19: Подъезды | H19: Личный прием | I19: 5000 | J19: 3303.85 | K19: Не распределено | L19: (не назначен) | M19: =IFERROR(VLOOKUP(N19,Словарь!$A$2:$B$15,2,FALSE()),"Нужно решение") -> Принято с актом | N19: Принято, акт есть | O19: есть (КС-2 в Битрикс24) | P19: =IF(AND(OR(M19="Не начато",M19="В работе",M19="Нужно решение"),C19<TODAY()),TODAY()-C19,"") | Q19: Успешно | R19: срок 01.04.2026 – 16.10.2026; создана 02.10.2026 | T19: 26.10: Принято, акт есть → 27.10 Битрикс: Принято, акт есть | U19: 29
A20: 19 | B20: Апрель 2026 | C20: 46142 | D20: Радищева ул, 126 | E20: УК «СВ» | F20: Замена насоса станции ХВС | G20: Инженерные сети | H20: На основании заявления №55/ОС от 14.01.2026 | I20: 60000 | J20: 51000 | K20: Не распределено | L20: (не назначен) | M20: =IFERROR(VLOOKUP(N20,Словарь!$A$2:$B$15,2,FALSE()),"Нужно решение") -> Принято с актом | N20: Принято, акт есть | O20: есть (КС-2 в Битрикс24) | P20: =IF(AND(OR(M20="Не начато",M20="В работе",M20="Нужно решение"),C20<TODAY()),TODAY()-C20,"") | Q20: Успешно | R20: срок 01.04.2026 – 30.04.2026; создана 02.10.2026 | T20: 08.10: Выполнено, акта нет → 26.10: Принято, акт есть → 27.10 Битрикс: Принято, акт есть | U20: 30
A21: 20 | B21: Апрель 2026 | C21: 46142 | D21: Циолковского ул, 5 | E21: УК «Союз» | F21: Прочистка выпуска канализации 2 шт. | G21: Инженерные сети | H21: На основании протокола №20260100137722 | I21: 12000 | J21: 12000 | K21: Не распределено | L21: Зеленцов А.В. | M21: =IFERROR(VLOOKUP(N21,Словарь!$A$2:$B$15,2,FALSE()),"Нужно решение") -> Принято с актом | N21: Принято, акт есть | O21: есть (КС-2 в Битрикс24) | P21: =IF(AND(OR(M21="Не начато",M21="В работе",M21="Нужно решение"),C21<TODAY()),TODAY()-C21,"") | Q21: Успешно | R21: срок 01.04.2026 – 30.04.2026; создана 02.10.2026 | T21: 08.10: Выполнено, акта нет → 26.10: Принято, акт есть → 27.10 Битрикс: Принято, акт есть | U21: 31
A22: 21 | B22: Май 2026 | C22: 46173 | D22: Аблукова ул, 43А | E22: УК «СВ» | F22: Завоз песка | G22: Благоустройство | H22: На основании заявления №1593/ОС от 12.05.2026 | K22: УК | L22: Гайдуков А.В. | M22: =IFERROR(VLOOKUP(N22,Словарь!$A$2:$B$15,2,FALSE()),"Нужно решение") -> Выполнено, ждёт акта | N22: Выполнено, акта нет | O22: передан в ПТО | P22: =IF(AND(OR(M22="Не начато",M22="В работе",M22="Нужно решение"),C22<TODAY()),TODAY()-C22,"") | Q22: Успешно | R22: срок 01.05.2026 – 31.05.2026; создана 02.10.2026 | T22: 08.10: Выполнено, акта нет → 26.10: Выполнено, акта нет → 27.10 Битрикс: Выполнено, акта нет | U22: 35
A23: 22 | B23: Май 2026 | C23: 46173 | D23: Аблукова ул, 83 | E23: УК «СВ» | F23: Ремонт кровли лоджии кв. №36 | G23: Кровля и козырьки | H23: На основании акта обследования от 14.01.2026 года | I23: 23433.94 | J23: 23433.94 | K23: Не распределено | L23: Гайдуков А.В. | M23: =IFERROR(VLOOKUP(N23,Словарь!$A$2:$B$15,2,FALSE()),"Нужно решение") -> Принято с актом | N23: Принято, акт есть | O23: есть (КС-2 в Битрикс24) | P23: =IF(AND(OR(M23="Не начато",M23="В работе",M23="Нужно решение"),C23<TODAY()),TODAY()-C23,"") | Q23: Успешно | R23: срок 01.05.2026 – 31.05.2026; создана 02.10.2026 | T23: 08.10: Выполнено, акта нет → 26.10: Принято, акт есть → 27.10 Битрикс: Принято, акт есть | U23: 34
A24: 23 | B24: Май 2026 | C24: 46173 | D24: Артема ул, 23 | E24: УК «СВ» | F24: Косметический ремонт балконов незадымляемой л/клетки | G24: Фасад и МПШ | H24: На основании протокола №20251100107454 от 01.12.2025 | I24: 367220 | J24: 367220 | K24: Не распределено | L24: Гайдуков А.В. | M24: =IFERROR(VLOOKUP(N24,Словарь!$A$2:$B$15,2,FALSE()),"Нужно решение") -> Принято с актом | N24: Принято, акт есть | O24: есть (КС-2 в Битрикс24) | P24: =IF(AND(OR(M24="Не начато",M24="В работе",M24="Нужно решение"),C24<TODAY()),TODAY()-C24,"") | Q24: Успешно | R24: срок 01.05.2026 – 31.05.2026; создана 02.10.2026 | T24: 08.10: Выполнено, акта нет → 26.10: Принято, акт есть → 27.10 Битрикс: Принято, акт есть | U24: 36
A25: 24 | B25: Май 2026 | C25: 46173 | D25: Артема ул, 43 | E25: УК «СВ» | F25: Установка лавочек подъезд №5 | G25: Благоустройство | H25: На основании заявления №1437/ЗКС А от 28.04.2026 | I25: 15000 | J25: 84188.94 | K25: Не распределено | L25: Гайдуков А.В. | M25: =IFERROR(VLOOKUP(N25,Словарь!$A$2:$B$15,2,FALSE()),"Нужно решение") -> Принято с актом | N25: Принято, акт есть | O25: есть (КС-2 в Битрикс24) | P25: =IF(AND(OR(M25="Не начато",M25="В работе",M25="Нужно решение"),C25<TODAY()),TODAY()-C25,"") | Q25: Успешно | R25: срок 01.05.2026 – 31.05.2026; создана 02.10.2026 | T25: 08.10: Выполнено, акта нет → 26.10: Принято, акт есть → 27.10 Битрикс: Принято, акт есть | U25: 37
A26: 25 | B26: Май 2026 | C26: 46173 | D26: Докучаева ул, 12 | E26: УК «СВ» | F26: Замена окон ПВХ поъезд №1-3 | G26: Прочее | I26: 470000 | J26: 470000 | K26: Не распределено | L26: (не назначен) | M26: =IFERROR(VLOOKUP(N26,Словарь!$A$2:$B$15,2,FALSE()),"Нужно решение") -> Принято с актом | N26: Принято, акт есть | O26: есть (КС-2 в Битрикс24) | P26: =IF(AND(OR(M26="Не начато",M26="В работе",M26="Нужно решение"),C26<TODAY()),TODAY()-C26,"") | Q26: Успешно | R26: срок 01.05.2026 – 31.05.2026; создана 02.10.2026 | T26: 08.10: Выполнено, акта нет → 26.10: Принято, акт есть → 27.10 Битрикс: Принято, акт есть | U26: 38
A27: 26 | B27: Май 2026 | C27: 46173 | D27: Карла Либкнехта ул, 22 | E27: УК «СВ» | F27: Установка оконных блоков подъезд №1-5 | G27: Подъезды | I27: 105000 | K27: Подрядчики | L27: Сандюк Ю.В. | M27: =IFERROR(VLOOKUP(N27,Словарь!$A$2:$B$15,2,FALSE()),"Нужно решение") -> Выполнено, ждёт акта | N27: Выполнено, акта нет | O27: нет | P27: =IF(AND(OR(M27="Не начато",M27="В работе",M27="Нужно решение"),C27<TODAY()),TODAY()-C27,"") | Q27: Успешно | R27: срок 01.05.2026 – 31.05.2026; создана 02.10.2026 | T27: 08.10: Выполнено, акта нет → 26.10: Выполнено, акта нет → 27.10 Битрикс: Выполнено, акта нет | U27: 39
A28: 27 | B28: Май 2026 | C28: 46173 | D28: Любови Шевцовой ул, 54Б корп. 4 | E28: УК «СВ» | F28: Ремонт кровли кв.№40а | G28: Кровля и козырьки | H28: На основании акта обследования от 05.02.2026 | I28: 50000 | J28: 37105.7 | K28: Не распределено | L28: (не назначен) | M28: =IFERROR(VLOOKUP(N28,Словарь!$A$2:$B$15,2,FALSE()),"Нужно решение") -> Принято с актом | N28: Принято, акт есть | O28: есть (КС-2 в Битрикс24) | P28: =IF(AND(OR(M28="Не начато",M28="В работе",M28="Нужно решение"),C28<TODAY()),TODAY()-C28,"") | Q28: Успешно | R28: срок 02.10.2026 – 02.10.2026; создана 02.10.2026 | T28: 08.10: Выполнено, акта нет → 26.10: Принято, акт есть → 27.10 Битрикс: Принято, акт есть | U28: 40
A29: 28 | B29: Май 2026 | C29: 46173 | D29: Московское шоссе, 100 | E29: УК «СВ» | F29: Ремонт кровли лоджии с заменой отлива и устройства примыканий к парапету кв. №286 | G29: Кровля и козырьки | H29: На основани акта обследования от 26.02.2026 | I29: 60000 | J29: 46000 | K29: Не распределено | L29: (не назначен) | M29: =IFERROR(VLOOKUP(N29,Словарь!$A$2:$B$15,2,FALSE()),"Нужно решение") -> Принято с актом | N29: Принято, акт есть | O29: есть (КС-2 в Битрикс24) | P29: =IF(AND(OR(M29="Не начато",M29="В работе",M29="Нужно решение"),C29<TODAY()),TODAY()-C29,"") | Q29: Успешно | R29: срок 01.05.2026 – 31.05.2026; создана 02.10.2026 | T29: 08.10: Выполнено, акта нет → 26.10: Принято, акт есть → 27.10 Битрикс: Принято, акт есть | U29: 41
A30: 29 | B30: Май 2026 | C30: 46173 | D30: Орджоникидзе ул, 55 | E30: УК «СВ» | F30: Ремонт кровли кв.№59,60,80 | G30: Кровля и козырьки | H30: Обращение ГЖИ | I30: 150000 | K30: УК | L30: Зеленцов А.В. | M30: =IFERROR(VLOOKUP(N30,Словарь!$A$2:$B$15,2,FALSE()),"Нужно решение") -> Выполнено, ждёт акта | N30: Выполнено, акта нет | O30: нет | P30: =IF(AND(OR(M30="Не начато",M30="В работе",M30="Нужно решение"),C30<TODAY()),TODAY()-C30,"") | Q30: Запланировано | R30: срок 01.05.2026 – 31.05.2026; создана 02.10.2026 | T30: 08.10: Выполнено, акта нет → 26.10: Выполнено, акта нет | U30: 42
A31: 30 | B31: Май 2026 | C31: 46173 | D31: Орлова ул, 27 | E31: УК «СВ» | F31: Ремонт скамейки, подъезд №6 | G31: Благоустройство | H31: На основании заявления №1036/ОС от 30.03.2026 | K31: Не распределено | L31: Шарафутдинов Р.Р. | M31: =IFERROR(VLOOKUP(N31,Словарь!$A$2:$B$15,2,FALSE()),"Нужно решение") -> Принято с актом | N31: Принято, акт есть | O31: есть | P31: =IF(AND(OR(M31="Не начато",M31="В работе",M31="Нужно решение"),C31<TODAY()),TODAY()-C31,"") | Q31: Успешно | R31: срок 01.05.2026 – 31.05.2026; создана 02.10.2026 | T31: 08.10: Выполнено, акта нет → 26.10: Принято, акт есть → 27.10 Битрикс: Принято, акт есть · Исполнитель 08.10: По содержанию | U31: 43
A32: 31 | B32: Май 2026 | C32: 46173 | D32: Орлова ул, 27 | E32: УК «СВ» | F32: Установка полусферы на прежнее место к контейнерам | G32: Двери, окна, входные группы | H32: На основании заявления №1036/ОС от 30.03.2026 | K32: Не распределено | L32: Шарафутдинов Р.Р. | M32: =IFERROR(VLOOKUP(N32,Словарь!$A$2:$B$15,2,FALSE()),"Нужно решение") -> Принято с актом | N32: Принято, акт есть | O32: есть | P32: =IF(AND(OR(M32="Не начато",M32="В работе",M32="Нужно решение"),C32<TODAY()),TODAY()-C32,"") | Q32: Успешно | R32: срок 01.05.2026 – 31.05.2026; создана 02.10.2026 | T32: 08.10: Выполнено, акта нет → 26.10: Принято, акт есть → 27.10 Битрикс: Принято, акт есть · Исполнитель 08.10: По содержанию | U32: 44
A33: 32 | B33: Май 2026 | C33: 46173 | D33: Пожарского ул, 29А | E33: УК «СВ» | F33: Ремонт кровли лоджии кв.№45 | G33: Кровля и козырьки | H33: На основании акта обследования от 26.03.2026 года | I33: 40000 | J33: 79331.36 | K33: Не распределено | L33: (не назначен) | M33: =IFERROR(VLOOKUP(N33,Словарь!$A$2:$B$15,2,FALSE()),"Нужно решение") -> Принято с актом | N33: Принято, акт есть | O33: есть (КС-2 в Битрикс24) | P33: =IF(AND(OR(M33="Не начато",M33="В работе",M33="Нужно решение"),C33<TODAY()),TODAY()-C33,"") | Q33: Успешно | R33: срок 01.05.2026 – 31.05.2026; создана 02.10.2026 | T33: 08.10: Выполнено, акта нет → 26.10: Принято, акт есть → 27.10 Битрикс: Принято, акт есть | U33: 45
A34: 33 | B34: Май 2026 | C34: 46173 | D34: Пожарского ул, 29А | E34: УК «СВ» | F34: Покраска МАФ(элементы детской площадки и бордюр) | G34: Благоустройство | H34: На основании заявления №1241/ОС от 14.04.2026 | K34: Не распределено | L34: (не назначен) | M34: =IFERROR(VLOOKUP(N34,Словарь!$A$2:$B$15,2,FALSE()),"Нужно решение") -> Принято с актом | N34: Принято, акт есть | O34: есть | P34: =IF(AND(OR(M34="Не начато",M34="В работе",M34="Нужно решение"),C34<TODAY()),TODAY()-C34,"") | Q34: Успешно | R34: срок 01.05.2026 – 31.05.2026; создана 02.10.2026 | T34: 08.10: Выполнено, акта нет → 26.10: Принято, акт есть → 27.10 Битрикс: Принято, акт есть · Исполнитель 08.10: По содержанию | U34: 46
A35: 34 | B35: Май 2026 | C35: 46173 | D35: Пожарского ул, 29А | E35: УК «СВ» | F35: Завоз песка(предварительно вывезти старыйпесок) | G35: Благоустройство | H35: На основании заявления №1241/ОС от 14.04.2026 | K35: Не распределено | L35: (не назначен) | M35: =IFERROR(VLOOKUP(N35,Словарь!$A$2:$B$15,2,FALSE()),"Нужно решение") -> Принято с актом | N35: Принято, акт есть | O35: есть | P35: =IF(AND(OR(M35="Не начато",M35="В работе",M35="Нужно решение"),C35<TODAY()),TODAY()-C35,"") | Q35: Успешно | R35: срок 01.05.2026 – 31.05.2026; создана 02.10.2026 | T35: 08.10: Выполнено, акта нет → 26.10: Принято, акт есть → 27.10 Битрикс: Принято, акт есть · Исполнитель 08.10: По содержанию | U35: 47
A36: 35 | B36: Май 2026 | C36: 46173 | D36: Поливенская ул, 7 | E36: УК «СВ» | F36: Ремонт наружн. кухонной стены кв.№22 | G36: Прочее | H36: На основании протокола №027/л от 04.04.2024 года. | I36: 25000 | J36: 69400 | K36: Не распределено | L36: Зеленцов А.В. | M36: =IFERROR(VLOOKUP(N36,Словарь!$A$2:$B$15,2,FALSE()),"Нужно решение") -> Принято с актом | N36: Принято, акт есть | O36: есть (КС-2 в Битрикс24) | P36: =IF(AND(OR(M36="Не начато",M36="В работе",M36="Нужно решение"),C36<TODAY()),TODAY()-C36,"") | Q36: Успешно | R36: срок 01.05.2026 – 31.05.2026; создана 02.10.2026 | T36: 08.10: Выполнено, акта нет → 26.10: Принято, акт есть → 27.10 Битрикс: Принято, акт есть · План: Выполнено Шалаев | U36: 48
A37: 36 | B37: Май 2026 | C37: 46173 | D37: Радищева ул, 3 корп. 1 | E37: УК «СВ» | F37: Замена урн, 4 шт | G37: Благоустройство | H37: На основании заявления ПСД | I37: 10000 | K37: УК | L37: Мастер участка (Север) | M37: =IFERROR(VLOOKUP(N37,Словарь!$A$2:$B$15,2,FALSE()),"Нужно решение") -> Выполнено, ждёт акта | N37: Выполнено, акта нет | O37: нет | P37: =IF(AND(OR(M37="Не начато",M37="В работе",M37="Нужно решение"),C37<TODAY()),TODAY()-C37,"") | Q37: Успешно | R37: срок 01.05.2026 – 31.05.2026; создана 02.10.2026 | T37: 08.10: Выполнено, акта нет → 26.10: Выполнено, акта нет → 27.10 Битрикс: Выполнено, акта нет | U37: 49
A38: 37 | B38: Май 2026 | C38: 46173 | D38: Радищева ул, 3 корп. 1 | E38: УК «СВ» | F38: Покраска МАФ ((лавочки;забор; входные двери в дом, подвал и мусорные камеры)) | G38: Двери, окна, входные группы | H38: На основании заявления ПСД | I38: 20000 | K38: УК | L38: Мастер участка (Север) | M38: =IFERROR(VLOOKUP(N38,Словарь!$A$2:$B$15,2,FALSE()),"Нужно решение") -> Выполнено, ждёт акта | N38: Выполнено, акта нет | O38: нет | P38: =IF(AND(OR(M38="Не начато",M38="В работе",M38="Нужно решение"),C38<TODAY()),TODAY()-C38,"") | Q38: Успешно | R38: срок 01.05.2026 – 31.05.2026; создана 02.10.2026 | T38: 08.10: Выполнено, акта нет → 26.10: Выполнено, акта нет → 27.10 Битрикс: Выполнено, акта нет | U38: 50
A39: 38 | B39: Май 2026 | C39: 46173 | D39: Радищева ул, 3 корп. 1 | E39: УК «СВ» | F39: Подштукатурить цементным расвором входы в подвал) | G39: Подъезды | H39: На основании заявления ПСД | I39: 210000 | K39: Подрядчики | L39: (не назначен) | M39: =IFERROR(VLOOKUP(N39,Словарь!$A$2:$B$15,2,FALSE()),"Нужно решение") -> Выполнено, ждёт акта | N39: Выполнено, акта нет | P39: =IF(AND(OR(M39="Не начато",M39="В работе",M39="Нужно решение"),C39<TODAY()),TODAY()-C39,"") | Q39: Успешно | R39: срок 01.05.2026 – 31.05.2026; создана 02.10.2026 | T39: 08.10: Выполнено, акта нет → 26.10: Выполнено, акта нет → 27.10 Битрикс: Выполнено, акта нет | U39: 51
A40: 39 | B40: Май 2026 | C40: 46173 | D40: Терешковой ул, 14 | E40: УК «СВ» | F40: Локальный ремонт кровли кв.№58 | G40: Кровля и козырьки | H40: На основании заявления №1023/ОС | I40: 15000 | K40: УК | L40: Вазюков В.С. | M40: =IFERROR(VLOOKUP(N40,Словарь!$A$2:$B$15,2,FALSE()),"Нужно решение") -> Выполнено, ждёт акта | N40: Выполнено, акта нет | O40: передан в ПТО | P40: =IF(AND(OR(M40="Не начато",M40="В работе",M40="Нужно решение"),C40<TODAY()),TODAY()-C40,"") | Q40: Успешно | R40: срок 01.05.2026 – 31.05.2026; создана 02.10.2026 | T40: 08.10: Выполнено, акта нет → 26.10: Выполнено, акта нет → 27.10 Битрикс: Выполнено, акта нет | U40: 52
A41: 40 | B41: Май 2026 | C41: 46173 | D41: Федерации ул, 150 | E41: УК «Союз» | F41: Покраска фасада по месту расположения кв.№31 | G41: Фасад и МПШ | H41: На основании заявления №783/ОС от 21.10.2025 | I41: 10000 | K41: УК | L41: Мастер участка (Север) | M41: =IFERROR(VLOOKUP(N41,Словарь!$A$2:$B$15,2,FALSE()),"Нужно решение") -> Выполнено, ждёт акта | N41: Выполнено, акта нет | O41: нет | P41: =IF(AND(OR(M41="Не начато",M41="В работе",M41="Нужно решение"),C41<TODAY()),TODAY()-C41,"") | Q41: Успешно | R41: срок 01.05.2026 – 31.05.2026; создана 02.10.2026 | T41: 08.10: Выполнено, акта нет → 26.10: Выполнено, акта нет → 27.10 Битрикс: Выполнено, акта нет | U41: 53
A42: 41 | B42: Июнь 2026 | C42: 46203 | D42: Аблукова ул, 73 | E42: УК «СВ» | F42: (ремонт узла ХВС, бойпас, счетчик,расширительный бак) | G42: Инженерные сети | I42: 75000 | J42: 135681.42 | K42: Не распределено | L42: Гайдуков А.В. | M42: =IFERROR(VLOOKUP(N42,Словарь!$A$2:$B$15,2,FALSE()),"Нужно решение") -> Принято с актом | N42: Принято, акт есть | O42: есть (КС-2 в Битрикс24) | P42: =IF(AND(OR(M42="Не начато",M42="В работе",M42="Нужно решение"),C42<TODAY()),TODAY()-C42,"") | Q42: Успешно | R42: срок 01.06.2026 – 30.06.2026; создана 02.10.2026 | T42: 08.10: Выполнено, акта нет → 26.10: Принято, акт есть → 27.10 Битрикс: Принято, акт есть | U42: 56
A43: 42 | B43: Июнь 2026 | C43: 46203 | D43: Аблукова ул, 73 | E43: УК «СВ» | F43: Косметический ремонт стен после пролива, 3,4 этаж | G43: Прочее | I43: 5000 | J43: 22253.14 | K43: Не распределено | L43: Гайдуков А.В. | M43: =IFERROR(VLOOKUP(N43,Словарь!$A$2:$B$15,2,FALSE()),"Нужно решение") -> Принято с актом | N43: Принято, акт есть | O43: есть (КС-2 в Битрикс24) | P43: =IF(AND(OR(M43="Не начато",M43="В работе",M43="Нужно решение"),C43<TODAY()),TODAY()-C43,"") | Q43: Успешно | R43: срок 01.06.2026 – 30.06.2026; создана 02.10.2026 | T43: 08.10: Выполнено, акта нет → 26.10: Принято, акт есть → 27.10 Битрикс: Принято, акт есть | U43: 57
A44: 43 | B44: Июнь 2026 | C44: 46203 | D44: Аблукова ул, 73 | E44: УК «СВ» | F44: Замена ливневой канализации | G44: Инженерные сети | I44: 300000 | J44: 11945.67 | K44: Не распределено | L44: Гайдуков А.В. | M44: =IFERROR(VLOOKUP(N44,Словарь!$A$2:$B$15,2,FALSE()),"Нужно решение") -> Принято с актом | N44: Принято, акт есть | O44: есть (КС-2 в Битрикс24) | P44: =IF(AND(OR(M44="Не начато",M44="В работе",M44="Нужно решение"),C44<TODAY()),TODAY()-C44,"") | Q44: Успешно | R44: срок 01.06.2026 – 30.06.2026; создана 02.10.2026 | T44: 08.10: Выполнено, акта нет → 26.10: Принято, акт есть → 27.10 Битрикс: Принято, акт есть | U44: 58
A45: 44 | B45: Июнь 2026 | C45: 46203 | D45: Артема ул, 23 | E45: УК «СВ» | F45: Покупка коврика в подъезд | G45: Подъезды | H45: На основании заявления №73-2026-18714 от 20.05.2026 | I45: 5000 | J45: 9283.31 | K45: Не распределено | L45: Гайдуков А.В. | M45: =IFERROR(VLOOKUP(N45,Словарь!$A$2:$B$15,2,FALSE()),"Нужно решение") -> Принято с актом | N45: Принято, акт есть | O45: есть | P45: =IF(AND(OR(M45="Не начато",M45="В работе",M45="Нужно решение"),C45<TODAY()),TODAY()-C45,"") | Q45: Успешно | R45: срок 01.06.2026 – 30.06.2026; создана 02.10.2026 | T45: 08.10: Выполнено, акта нет → 26.10: Принято, акт есть → 27.10 Битрикс: Принято, акт есть | U45: 59
A46: 45 | B46: Июнь 2026 | C46: 46203 | D46: Гагарина ул, 11 | E46: УК «СВ» | F46: Ремонт 2-х коридоров 5-го этажа | G46: Прочее | H46: На основании протокола совета дома | I46: 238690.2 | J46: 238690.2 | K46: Не распределено | L46: (не назначен) | M46: =IFERROR(VLOOKUP(N46,Словарь!$A$2:$B$15,2,FALSE()),"Нужно решение") -> Принято с актом | N46: Принято, акт есть | O46: есть (КС-2 в Битрикс24) | P46: =IF(AND(OR(M46="Не начато",M46="В работе",M46="Нужно решение"),C46<TODAY()),TODAY()-C46,"") | Q46: Успешно | R46: срок 01.06.2026 – 14.10.2026; создана 02.10.2026 | T46: 08.10: В работе → 26.10: Принято, акт есть → 27.10 Битрикс: Принято, акт есть · План: В работе | U46: 60
A47: 46 | B47: Июнь 2026 | C47: 46203 | D47: Гагарина ул, 31 | E47: УК «СВ» | F47: Ремонт отмостки | G47: Благоустройство | H47: На основании протокола №20260300106808 от 01.04.2026 | I47: 650000 | J47: 716424 | K47: Не распределено | L47: (не назначен) | M47: =IFERROR(VLOOKUP(N47,Словарь!$A$2:$B$15,2,FALSE()),"Нужно решение") -> Принято с актом | N47: Принято, акт есть | O47: есть (КС-2 в Битрикс24) | P47: =IF(AND(OR(M47="Не начато",M47="В работе",M47="Нужно решение"),C47<TODAY()),TODAY()-C47,"") | Q47: Успешно | R47: срок 01.06.2026 – 30.06.2026; создана 02.10.2026 | T47: 08.10: Выполнено, акта нет → 26.10: Принято, акт есть → 27.10 Битрикс: Принято, акт есть | U47: 61
A48: 47 | B48: Июнь 2026 | C48: 46203 | D48: Доватора ул, 9 | E48: УК «СВ» | F48: Ремонт кровли кв. №39 | G48: Кровля и козырьки | I48: 50000 | K48: УК | L48: Алиев Р.Р. | M48: =IFERROR(VLOOKUP(N48,Словарь!$A$2:$B$15,2,FALSE()),"Нужно решение") -> Выполнено, ждёт акта | N48: Выполнено, акта нет | O48: передан в ПТО | P48: =IF(AND(OR(M48="Не начато",M48="В работе",M48="Нужно решение"),C48<TODAY()),TODAY()-C48,"") | Q48: Успешно | R48: срок 01.06.2026 – 30.06.2026; создана 02.10.2026 | T48: 08.10: Выполнено, акта нет → 26.10: Выполнено, акта нет → 27.10 Битрикс: Выполнено, акта нет | U48: 62
A49: 48 | B49: Июнь 2026 | C49: 46203 | D49: Докучаева ул, 12 | E49: УК «СВ» | F49: Ремонт козырьков над входной группой, 3 шт. | G49: Кровля и козырьки | I49: 80000 | K49: УК | L49: Мастер участка (Север) | M49: =IFERROR(VLOOKUP(N49,Словарь!$A$2:$B$15,2,FALSE()),"Нужно решение") -> Выполнено, ждёт акта | N49: Выполнено, акта нет | O49: нет | P49: =IF(AND(OR(M49="Не начато",M49="В работе",M49="Нужно решение"),C49<TODAY()),TODAY()-C49,"") | Q49: Успешно | R49: срок 01.06.2026 – 30.06.2026; создана 02.10.2026 | T49: 08.10: Выполнено, акта нет → 26.10: Выполнено, акта нет → 27.10 Битрикс: Выполнено, акта нет | U49: 63
A50: 49 | B50: Июнь 2026 | C50: 46203 | D50: Кролюницкого ул, 16 | E50: УК «СВ» | F50: Ремонт кровли на машинном отделении | G50: Кровля и козырьки | H50: На основании заявления №1781/И от 28.05.2026 | K50: УК | L50: Шарафутдинов Р.Р. | M50: =IFERROR(VLOOKUP(N50,Словарь!$A$2:$B$15,2,FALSE()),"Нужно решение") -> Выполнено, ждёт акта | N50: Выполнено, акта нет | O50: передан в ПТО | P50: =IF(AND(OR(M50="Не начато",M50="В работе",M50="Нужно решение"),C50<TODAY()),TODAY()-C50,"") | Q50: Успешно | R50: срок 01.06.2026 – 30.06.2026; создана 02.10.2026 | T50: 08.10: Выполнено, акта нет → 26.10: Выполнено, акта нет → 27.10 Битрикс: Выполнено, акта нет | U50: 64
A51: 50 | B51: Июнь 2026 | C51: 46203 | D51: Кролюницкого ул, 16 | E51: УК «СВ» | F51: Установить рамы в фрамугах между 2 и 3 этажами, установить стекла между 3 и 4 этажами | G51: Двери, окна, входные группы | H51: На основании заявления №1830/ОС от 01.06.2026 | K51: Подрядчики | L51: Шарафутдинов Р.Р. | M51: =IFERROR(VLOOKUP(N51,Словарь!$A$2:$B$15,2,FALSE()),"Нужно решение") -> Выполнено, ждёт акта | N51: Выполнено, акта нет | O51: нет | P51: =IF(AND(OR(M51="Не начато",M51="В работе",M51="Нужно решение"),C51<TODAY()),TODAY()-C51,"") | Q51: Успешно | R51: срок 01.06.2026 – 30.06.2026; создана 02.10.2026 | T51: 08.10: Выполнено, акта нет → 26.10: Выполнено, акта нет → 27.10 Битрикс: Выполнено, акта нет | U51: 65
A52: 51 | B52: Июнь 2026 | C52: 46203 | D52: Маяковского ул, 11/47 | E52: УК «СВ» | F52: Ремонт цоколя | G52: Прочее | H52: На основании протокола №20251000114992 от 01.11.2025 | I52: 283250.6 | J52: 295174.5 | K52: Не распределено | L52: Зеленцов А.В. | M52: =IFERROR(VLOOKUP(N52,Словарь!$A$2:$B$15,2,FALSE()),"Нужно решение") -> Принято с актом | N52: Принято, акт есть | O52: есть (КС-2 в Битрикс24) | P52: =IF(AND(OR(M52="Не начато",M52="В работе",M52="Нужно решение"),C52<TODAY()),TODAY()-C52,"") | Q52: Успешно | R52: срок 01.06.2026 – 30.06.2026; создана 02.10.2026 | T52: 08.10: Выполнено, акта нет → 26.10: Принято, акт есть → 27.10 Битрикс: Принято, акт есть | U52: 66
A53: 52 | B53: Июнь 2026 | C53: 46203 | D53: Минаева ул, 5 | E53: УК «СВ» | F53: Генеральная уборка подъездов | G53: Подъезды | H53: На основании заяления №1717/ЗС от 22.05.2026 | I53: 40000 | J53: 54000 | K53: Не распределено | L53: Сандюк Ю.В. | M53: =IFERROR(VLOOKUP(N53,Словарь!$A$2:$B$15,2,FALSE()),"Нужно решение") -> Принято с актом | N53: Принято, акт есть | O53: есть (КС-2 в Битрикс24) | P53: =IF(AND(OR(M53="Не начато",M53="В работе",M53="Нужно решение"),C53<TODAY()),TODAY()-C53,"") | Q53: Успешно | R53: срок 01.06.2026 – 30.06.2026; создана 02.10.2026 | T53: 08.10: Выполнено, акта нет → 26.10: Принято, акт есть → 27.10 Битрикс: Принято, акт есть | U53: 67
A54: 53 | B54: Июнь 2026 | C54: 46203 | D54: Можайского ул, 19 | E54: УК «СВ» | F54: Установка полусфер на углу при повороте | G54: Благоустройство | H54: На основании заявления №1611/ОС от 13.05.2026 | I54: 6000 | K54: УК | L54: Шарафутдинов Р.Р. | M54: =IFERROR(VLOOKUP(N54,Словарь!$A$2:$B$15,2,FALSE()),"Нужно решение") -> Выполнено, ждёт акта | N54: Выполнено, акта нет | O54: передан в ПТО | P54: =IF(AND(OR(M54="Не начато",M54="В работе",M54="Нужно решение"),C54<TODAY()),TODAY()-C54,"") | Q54: Успешно | R54: срок 01.06.2026 – 30.06.2026; создана 02.10.2026 | T54: 08.10: Выполнено, акта нет → 26.10: Выполнено, акта нет → 27.10 Битрикс: Выполнено, акта нет | U54: 68
A55: 54 | B55: Июнь 2026 | C55: 46203 | D55: Можайского ул, 19 | E55: УК «СВ» | F55: Произвести ремонт труб отпления в кв.№11,7,15,31,34 | G55: Прочее | H55: На основании заявления №1612/ОС от 13.05.2026 | I55: 40000 | J55: 73867.41 | K55: Не распределено | L55: (не назначен) | M55: =IFERROR(VLOOKUP(N55,Словарь!$A$2:$B$15,2,FALSE()),"Нужно решение") -> Принято с актом | N55: Принято, акт есть | O55: есть (КС-2 в Битрикс24) | P55: =IF(AND(OR(M55="Не начато",M55="В работе",M55="Нужно решение"),C55<TODAY()),TODAY()-C55,"") | Q55: Успешно | R55: срок 01.06.2026 – 30.06.2026; создана 02.10.2026 | T55: 08.10: Выполнено, акта нет → 26.10: Принято, акт есть → 27.10 Битрикс: Принято, акт есть | U55: 69
A56: 55 | B56: Июнь 2026 | C56: 46203 | D56: Московское шоссе, 100 | E56: УК «СВ» | F56: Заделать откос к лифту на 1-м этаже подъезда №6 | G56: Подъезды | H56: На основании заявления №1823/ОС от 01.06.2026 | I56: 37000 | K56: УК | L56: Евграфов С.В. | M56: =IFERROR(VLOOKUP(N56,Словарь!$A$2:$B$15,2,FALSE()),"Нужно решение") -> Выполнено, ждёт акта | N56: Выполнено, акта нет | O56: нет | P56: =IF(AND(OR(M56="Не начато",M56="В работе",M56="Нужно решение"),C56<TODAY()),TODAY()-C56,"") | Q56: Успешно | R56: срок 01.06.2026 – 30.06.2026; создана 02.10.2026 | T56: 08.10: Выполнено, акта нет → 26.10: Выполнено, акта нет → 27.10 Битрикс: Выполнено, акта нет | U56: 70
A57: 56 | B57: Июнь 2026 | C57: 46203 | D57: Нариманова пр-т, 89 | E57: УК «СВ» | F57: Вывод крана для полива состороны подъезда №2 | G57: Инженерные сети | H57: На основании заявления №1647/ОС от 15.05.2026 | I57: 20000 | K57: УК | L57: Мастер участка (Север) | M57: =IFERROR(VLOOKUP(N57,Словарь!$A$2:$B$15,2,FALSE()),"Нужно решение") -> Выполнено, ждёт акта | N57: Выполнено, акта нет | O57: нет | P57: =IF(AND(OR(M57="Не начато",M57="В работе",M57="Нужно решение"),C57<TODAY()),TODAY()-C57,"") | Q57: Успешно | R57: срок 01.06.2026 – 30.06.2026; создана 02.10.2026 | T57: 08.10: Выполнено, акта нет → 26.10: Выполнено, акта нет → 27.10 Битрикс: Выполнено, акта нет | U57: 71
A58: 57 | B58: Июнь 2026 | C58: 46203 | D58: Нариманова пр-т, 91 | E58: УК «СВ» | F58: Ремонт кровли над машинном отделении | G58: Кровля и козырьки | H58: На основании заявления №1781/И от 28.05.2026 | K58: УК | L58: Мастер участка (Север) | M58: =IFERROR(VLOOKUP(N58,Словарь!$A$2:$B$15,2,FALSE()),"Нужно решение") -> Выполнено, ждёт акта | N58: Выполнено, акта нет | O58: нет | P58: =IF(AND(OR(M58="Не начато",M58="В работе",M58="Нужно решение"),C58<TODAY()),TODAY()-C58,"") | Q58: Запланировано | R58: срок 01.06.2026 – 30.06.2026; создана 02.10.2026 | T58: 08.10: Выполнено, акта нет → 26.10: Выполнено, акта нет | U58: 72
A59: 58 | B59: Июнь 2026 | C59: 46203 | D59: Полбина ул, 61А | E59: УК «СВ» | F59: Ремонт МПШ с северной стороны,старшая покажет какие квартиры | G59: Фасад и МПШ | H59: На основании заявления №971/ОС от 25.03.2026 | I59: 200000 | J59: 472680 | K59: Не распределено | L59: Вазюков В.С. | M59: =IFERROR(VLOOKUP(N59,Словарь!$A$2:$B$15,2,FALSE()),"Нужно решение") -> Принято с актом | N59: Принято, акт есть | O59: есть (КС-2 в Битрикс24) | P59: =IF(AND(OR(M59="Не начато",M59="В работе",M59="Нужно решение"),C59<TODAY()),TODAY()-C59,"") | Q59: Успешно | R59: срок 01.06.2026 – 30.06.2026; создана 02.10.2026 | T59: 08.10: Выполнено, акта нет → 26.10: Принято, акт есть → 27.10 Битрикс: Принято, акт есть | U59: 73
A60: 59 | B60: Июнь 2026 | C60: 46203 | D60: Поливенская ул, 29 | E60: УК «Союз» | F60: Установка урн, 3 шт | G60: Благоустройство | H60: На основании заявления №427/ОС от 13.05.2026 | I60: 7500 | K60: УК | L60: Зеленцов А.В. | M60: =IFERROR(VLOOKUP(N60,Словарь!$A$2:$B$15,2,FALSE()),"Нужно решение") -> Выполнено, ждёт акта | N60: Выполнено, акта нет | O60: передан в ПТО | P60: =IF(AND(OR(M60="Не начато",M60="В работе",M60="Нужно решение"),C60<TODAY()),TODAY()-C60,"") | Q60: Успешно | R60: срок 01.06.2026 – 30.06.2026; создана 02.10.2026 | T60: 08.10: Выполнено, акта нет → 26.10: Выполнено, акта нет → 27.10 Битрикс: Выполнено, акта нет | U60: 74
A61: 60 | B61: Июнь 2026 | C61: 46203 | D61: Пушкарева ул, 20 | E61: УК «СВ» | F61: Уборка л/клеток | G61: Подъезды | H61: На основании завления №1766/ОС от 27.05.2026 | I61: 5200 | J61: 5100 | K61: Не распределено | L61: (не назначен) | M61: =IFERROR(VLOOKUP(N61,Словарь!$A$2:$B$15,2,FALSE()),"Нужно решение") -> Принято с актом | N61: Принято, акт есть | O61: есть (КС-2 в Битрикс24) | P61: =IF(AND(OR(M61="Не начато",M61="В работе",M61="Нужно решение"),C61<TODAY()),TODAY()-C61,"") | Q61: Успешно | R61: срок 01.06.2026 – 30.06.2026; создана 02.10.2026 | T61: 08.10: Выполнено, акта нет → 26.10: Принято, акт есть → 27.10 Битрикс: Принято, акт есть | U61: 75
A62: 61 | B62: Июнь 2026 | C62: 46203 | D62: Ульяны Громовой ул, 6 | E62: УК «СВ» | F62: Завоз песка | G62: Благоустройство | H62: На основании заявления №1713/ОС от 21.05.2026 | K62: УК | L62: Мастер участка (Север) | M62: =IFERROR(VLOOKUP(N62,Словарь!$A$2:$B$15,2,FALSE()),"Нужно решение") -> Выполнено, ждёт акта | N62: Выполнено, акта нет | O62: нет | P62: =IF(AND(OR(M62="Не начато",M62="В работе",M62="Нужно решение"),C62<TODAY()),TODAY()-C62,"") | Q62: Успешно | R62: срок 01.06.2026 – 30.06.2026; создана 02.10.2026 | T62: 08.10: Выполнено, акта нет → 26.10: Выполнено, акта нет → 27.10 Битрикс: Выполнено, акта нет | U62: 76
A63: 62 | B63: Июнь 2026 | C63: 46203 | D63: Уютная ул, 4 | E63: УК «Союз» | F63: Замена тамбурных дверей в 3-х подъездах | G63: Двери, окна, входные группы | H63: На основании прокола совета МКД от 14.05.2026 | I63: 270000 | K63: Подрядчики | L63: Зеленцов А.В. | M63: =IFERROR(VLOOKUP(N63,Словарь!$A$2:$B$15,2,FALSE()),"Нужно решение") -> Выполнено, ждёт акта | N63: Выполнено, акта нет | P63: =IF(AND(OR(M63="Не начато",M63="В работе",M63="Нужно решение"),C63<TODAY()),TODAY()-C63,"") | Q63: Запланировано | R63: срок 01.06.2026 – 30.06.2026; создана 02.10.2026 | T63: 26.10: Выполнено, акта нет | U63: 77
A64: 63 | B64: Июль 2026 | C64: 46234 | D64: 50-летия ВЛКСМ пр-т, 22А корп. 2 | E64: УК «СВ» | F64: Ремонт входной группы (запасной ) | G64: Двери, окна, входные группы | H64: На основании протокола №20251000125275 от 12.12.2025 года | I64: 220000 | K64: Подрядчики | L64: (не назначен) | M64: =IFERROR(VLOOKUP(N64,Словарь!$A$2:$B$15,2,FALSE()),"Нужно решение") -> Выполнено, ждёт акта | N64: Выполнено, акта нет | P64: =IF(AND(OR(M64="Не начато",M64="В работе",M64="Нужно решение"),C64<TODAY()),TODAY()-C64,"") | Q64: Запланировано | R64: срок 01.07.2026 – 31.07.2026; создана 02.10.2026 | T64: 26.10: Выполнено, акта нет | U64: 80
A65: 64 | B65: Июль 2026 | C65: 46234 | D65: 50-летия ВЛКСМ пр-т, 24 | E65: УК «СВ» | F65: Ремонтплитки при входе в подъезд | G65: Благоустройство | I65: 77247 | J65: 77247 | K65: Не распределено | L65: (не назначен) | M65: =IFERROR(VLOOKUP(N65,Словарь!$A$2:$B$15,2,FALSE()),"Нужно решение") -> Принято с актом | N65: Принято, акт есть | O65: есть (КС-2 в Битрикс24) | P65: =IF(AND(OR(M65="Не начато",M65="В работе",M65="Нужно решение"),C65<TODAY()),TODAY()-C65,"") | Q65: Успешно | R65: срок 01.07.2026 – 16.10.2026; создана 02.10.2026 | T65: 26.10: Принято, акт есть → 27.10 Битрикс: Принято, акт есть | U65: 81
A66: 65 | B66: Июль 2026 | C66: 46234 | D66: 50-летия ВЛКСМ пр-т, 24 | E66: УК «СВ» | F66: Окраска фасада | G66: Фасад и МПШ | I66: 64000 | J66: 64000 | K66: Не распределено | L66: (не назначен) | M66: =IFERROR(VLOOKUP(N66,Словарь!$A$2:$B$15,2,FALSE()),"Нужно решение") -> Принято с актом | N66: Принято, акт есть | O66: есть (КС-2 в Битрикс24) | P66: =IF(AND(OR(M66="Не начато",M66="В работе",M66="Нужно решение"),C66<TODAY()),TODAY()-C66,"") | Q66: Запланировано | R66: срок 01.07.2026 – 31.07.2026; создана 02.10.2026 | T66: 26.10: Принято, акт есть | U66: 82
A67: 66 | B67: Июль 2026 | C67: 46234 | D67: Аблукова ул, 19 | E67: УК «СВ» | F67: Локальный ремонт кровли | G67: Кровля и козырьки | H67: На основании заявления №2073/ОС от 19.06.2026 | K67: УК | L67: Евграфов С.В. | M67: =IFERROR(VLOOKUP(N67,Словарь!$A$2:$B$15,2,FALSE()),"Нужно решение") -> Выполнено, ждёт акта | N67: Выполнено, акта нет | O67: нет | P67: =IF(AND(OR(M67="Не начато",M67="В работе",M67="Нужно решение"),C67<TODAY()),TODAY()-C67,"") | Q67: Запланировано | R67: срок 01.07.2026 – 31.07.2026; создана 02.10.2026 | T67: 08.10: Выполнено, акта нет → 26.10: Выполнено, акта нет | U67: 83
A68: 67 | B68: Июль 2026 | C68: 46234 | D68: Врача Сурова пр-т, 29 | E68: УК «Домовой» | F68: Регулировка подъездной дверий 1 подъезд. | G68: Двери, окна, входные группы | I68: 5670 | J68: 5670 | K68: Не распределено | L68: (не назначен) | M68: =IFERROR(VLOOKUP(N68,Словарь!$A$2:$B$15,2,FALSE()),"Нужно решение") -> Принято с актом | N68: Принято, акт есть | O68: есть (КС-2 в Битрикс24) | P68: =IF(AND(OR(M68="Не начато",M68="В работе",M68="Нужно решение"),C68<TODAY()),TODAY()-C68,"") | Q68: Успешно | R68: срок 01.07.2026 – 16.10.2026; создана 02.10.2026 | T68: 26.10: Принято, акт есть → 27.10 Битрикс: Принято, акт есть | U68: 84
A69: 68 | B69: Июль 2026 | C69: 46234 | D69: Врача Сурова пр-т, 29 | E69: УК «Домовой» | F69: Обработка придомовой территории от клещей. | G69: Прочее | I69: 8750 | J69: 8750 | K69: Не распределено | L69: (не назначен) | M69: =IFERROR(VLOOKUP(N69,Словарь!$A$2:$B$15,2,FALSE()),"Нужно решение") -> Принято с актом | N69: Принято, акт есть | O69: есть (КС-2 в Битрикс24) | P69: =IF(AND(OR(M69="Не начато",M69="В работе",M69="Нужно решение"),C69<TODAY()),TODAY()-C69,"") | Q69: Успешно | R69: срок 01.07.2026 – 16.10.2026; создана 02.10.2026 | T69: 26.10: Принято, акт есть → 27.10 Битрикс: Принято, акт есть | U69: 85
A70: 69 | B70: Июль 2026 | C70: 46234 | D70: Врача Сурова пр-т, 31 | E70: УК «Домовой» | F70: Обработка придомовой территории от клещей. | G70: Прочее | I70: 8750 | J70: 8750 | K70: Не распределено | L70: (не назначен) | M70: =IFERROR(VLOOKUP(N70,Словарь!$A$2:$B$15,2,FALSE()),"Нужно решение") -> Принято с актом | N70: Принято, акт есть | O70: есть | P70: =IF(AND(OR(M70="Не начато",M70="В работе",M70="Нужно решение"),C70<TODAY()),TODAY()-C70,"") | Q70: Запланировано | R70: срок 01.07.2026 – 31.07.2026; создана 02.10.2026 | T70: 26.10: Принято, акт есть | U70: 86
A71: 70 | B71: Июль 2026 | C71: 46234 | D71: Врача Сурова пр-т, 31 | E71: УК «Домовой» | F71: Замена светильников МОП 2 подъезд 6 этаж 2шт. | G71: Электрика | I71: 4669.98 | J71: 4669.98 | K71: Не распределено | L71: (не назначен) | M71: =IFERROR(VLOOKUP(N71,Словарь!$A$2:$B$15,2,FALSE()),"Нужно решение") -> Выполнено, ждёт акта | N71: Выполнено, акта нет | P71: =IF(AND(OR(M71="Не начато",M71="В работе",M71="Нужно решение"),C71<TODAY()),TODAY()-C71,"") | Q71: Запланировано | R71: срок 01.07.2026 – 31.07.2026; создана 02.10.2026 | T71: 26.10: Выполнено, акта нет | U71: 87
A72: 71 | B72: Июль 2026 | C72: 46234 | D72: Врача Сурова пр-т, 31 | E72: УК «Домовой» | F72: Регулировка подъездных дверей 2шт. | G72: Двери, окна, входные группы | I72: 33480 | J72: 33480 | K72: Не распределено | L72: (не назначен) | M72: =IFERROR(VLOOKUP(N72,Словарь!$A$2:$B$15,2,FALSE()),"Нужно решение") -> Принято с актом | N72: Принято, акт есть | O72: есть (КС-2 в Битрикс24) | P72: =IF(AND(OR(M72="Не начато",M72="В работе",M72="Нужно решение"),C72<TODAY()),TODAY()-C72,"") | Q72: Успешно | R72: срок 01.07.2026 – 16.10.2026; создана 02.10.2026 | T72: 26.10: Принято, акт есть → 27.10 Битрикс: Принято, акт есть | U72: 88
A73: 72 | B73: Июль 2026 | C73: 46234 | D73: Врача Сурова пр-т, 36 | E73: УК «Домовой» | F73: Внесение весенних удобрений 771м2 | G73: Благоустройство | I73: 22770 | J73: 22770 | K73: Не распределено | L73: (не назначен) | M73: =IFERROR(VLOOKUP(N73,Словарь!$A$2:$B$15,2,FALSE()),"Нужно решение") -> Принято с актом | N73: Принято, акт есть | O73: есть (КС-2 в Битрикс24) | P73: =IF(AND(OR(M73="Не начато",M73="В работе",M73="Нужно решение"),C73<TODAY()),TODAY()-C73,"") | Q73: Успешно | R73: срок 01.07.2026 – 16.10.2026; создана 02.10.2026 | T73: 26.10: Принято, акт есть → 27.10 Битрикс: Принято, акт есть | U73: 89
A74: 73 | B74: Июль 2026 | C74: 46234 | D74: Гафурова ул, 11 | E74: УК «Союз» | F74: Ремонт оголовок ДВК | G74: Прочее | I74: 240000 | K74: Не распределено | L74: Зеленцов А.В. | M74: =IFERROR(VLOOKUP(N74,Словарь!$A$2:$B$15,2,FALSE()),"Нужно решение") -> Принято с актом | N74: Принято, акт есть | O74: есть | P74: =IF(AND(OR(M74="Не начато",M74="В работе",M74="Нужно решение"),C74<TODAY()),TODAY()-C74,"") | Q74: Запланировано | R74: срок 01.07.2026 – 31.07.2026; создана 02.10.2026 | T74: 26.10: Принято, акт есть | U74: 90
A75: 74 | B75: Июль 2026 | C75: 46234 | D75: Гафурова ул, 84 | E75: УК «Союз» | F75: Восстановление крылец подъезд №1,2 | G75: Благоустройство | H75: На основании заявления | I75: 222000 | J75: 222348.32 | K75: Не распределено | L75: Зеленцов А.В. | M75: =IFERROR(VLOOKUP(N75,Словарь!$A$2:$B$15,2,FALSE()),"Нужно решение") -> Принято с актом | N75: Принято, акт есть | O75: есть | P75: =IF(AND(OR(M75="Не начато",M75="В работе",M75="Нужно решение"),C75<TODAY()),TODAY()-C75,"") | Q75: Запланировано | R75: срок 01.07.2026 – 31.07.2026; создана 02.10.2026 | T75: 26.10: Принято, акт есть | U75: 91
A76: 75 | B76: Июль 2026 | C76: 46234 | D76: Генерала Тюленева пр-т, 50 | E76: УК «Домовой» | F76: Обработка придомовой территории от клещей. | G76: Прочее | I76: 10000 | J76: 10000 | K76: Не распределено | L76: (не назначен) | M76: =IFERROR(VLOOKUP(N76,Словарь!$A$2:$B$15,2,FALSE()),"Нужно решение") -> Принято с актом | N76: Принято, акт есть | O76: есть | P76: =IF(AND(OR(M76="Не начато",M76="В работе",M76="Нужно решение"),C76<TODAY()),TODAY()-C76,"") | Q76: Запланировано | R76: срок 01.07.2026 – 31.07.2026; создана 02.10.2026 | T76: 26.10: Принято, акт есть | U76: 92
A77: 76 | B77: Июль 2026 | C77: 46234 | D77: Генерала Тюленева пр-т, 52 | E77: УК «Домовой» | F77: Замена светодиодных светильников придомового освещения 3шт. | G77: Электрика | I77: 19093.43 | J77: 19093.43 | K77: Не распределено | L77: (не назначен) | M77: =IFERROR(VLOOKUP(N77,Словарь!$A$2:$B$15,2,FALSE()),"Нужно решение") -> Выполнено, ждёт акта | N77: Выполнено, акта нет | P77: =IF(AND(OR(M77="Не начато",M77="В работе",M77="Нужно решение"),C77<TODAY()),TODAY()-C77,"") | Q77: Запланировано | R77: срок 01.07.2026 – 31.07.2026; создана 02.10.2026 | T77: 26.10: Выполнено, акта нет | U77: 93
A78: 77 | B78: Июль 2026 | C78: 46234 | D78: Карбышева ул, 40 | E78: УК «Домовой» | F78: Устройство напольного покрытия входных групп с 1 по 3 подъезд. | G78: Двери, окна, входные группы | I78: 104265.5 | J78: 104265.5 | K78: Не распределено | L78: (не назначен) | M78: =IFERROR(VLOOKUP(N78,Словарь!$A$2:$B$15,2,FALSE()),"Нужно решение") -> Принято с актом | N78: Принято, акт есть | O78: есть (КС-2 в Битрикс24) | P78: =IF(AND(OR(M78="Не начато",M78="В работе",M78="Нужно решение"),C78<TODAY()),TODAY()-C78,"") | Q78: Успешно | R78: срок 01.07.2026 – 16.10.2026; создана 02.10.2026 | T78: 26.10: Принято, акт есть → 27.10 Битрикс: Принято, акт есть | U78: 94
A79: 78 | B79: Июль 2026 | C79: 46234 | D79: Карбышева ул, 40 | E79: УК «Домовой» | F79: Обработка придомовой территории от клещей. | G79: Прочее | I79: 10000 | J79: 10000 | K79: Не распределено | L79: (не назначен) | M79: =IFERROR(VLOOKUP(N79,Словарь!$A$2:$B$15,2,FALSE()),"Нужно решение") -> Принято с актом | N79: Принято, акт есть | O79: есть | P79: =IF(AND(OR(M79="Не начато",M79="В работе",M79="Нужно решение"),C79<TODAY()),TODAY()-C79,"") | Q79: Запланировано | R79: срок 01.07.2026 – 31.07.2026; создана 02.10.2026 | T79: 26.10: Принято, акт есть | U79: 95
A80: 79 | B80: Июль 2026 | C80: 46234 | D80: Карбышева ул, 42 | E80: УК «Домовой» | F80: Замена фильтра Ду80 в ИТП | G80: Инженерные сети | I80: 16141.71 | J80: 16141.71 | K80: Не распределено | L80: (не назначен) | M80: =IFERROR(VLOOKUP(N80,Словарь!$A$2:$B$15,2,FALSE()),"Нужно решение") -> Выполнено, ждёт акта | N80: Выполнено, акта нет | P80: =IF(AND(OR(M80="Не начато",M80="В работе",M80="Нужно решение"),C80<TODAY()),TODAY()-C80,"") | Q80: Запланировано | R80: срок 01.07.2026 – 31.07.2026; создана 02.10.2026 | T80: 26.10: Выполнено, акта нет | U80: 98
A81: 80 | B81: Июль 2026 | C81: 46234 | D81: Карбышева ул, 44 | E81: УК «Домовой» | F81: Обработка придомовой территории от клещей. | G81: Прочее | I81: 8750 | J81: 8750 | K81: Не распределено | L81: (не назначен) | M81: =IFERROR(VLOOKUP(N81,Словарь!$A$2:$B$15,2,FALSE()),"Нужно решение") -> Принято с актом | N81: Принято, акт есть | O81: есть | P81: =IF(AND(OR(M81="Не начато",M81="В работе",M81="Нужно решение"),C81<TODAY()),TODAY()-C81,"") | Q81: Запланировано | R81: срок 01.07.2026 – 31.07.2026; создана 02.10.2026 | T81: 26.10: Принято, акт есть | U81: 96
A82: 81 | B82: Июль 2026 | C82: 46234 | D82: Карбышева ул, 44 | E82: УК «Домовой» | F82: Замена подъездных дверей 1,2 подъезд 2шт. | G82: Двери, окна, входные группы | I82: 127600 | J82: 127600 | K82: Не распределено | L82: (не назначен) | M82: =IFERROR(VLOOKUP(N82,Словарь!$A$2:$B$15,2,FALSE()),"Нужно решение") -> Принято с актом | N82: Принято, акт есть | O82: есть (КС-2 в Битрикс24) | P82: =IF(AND(OR(M82="Не начато",M82="В работе",M82="Нужно решение"),C82<TODAY()),TODAY()-C82,"") | Q82: Успешно | R82: срок 01.07.2026 – 31.07.2026; создана 02.10.2026 | T82: 26.10: Принято, акт есть → 27.10 Битрикс: Принято, акт есть | U82: 97
A83: 82 | B83: Июль 2026 | C83: 46234 | D83: Карбышева ул, 49 | E83: УК «Домовой» | F83: Замена светильников МОП 3 подъезд 10 этаж 1шт. | G83: Электрика | I83: 2334.99 | J83: 2249.94 | K83: Не распределено | L83: (не назначен) | M83: =IFERROR(VLOOKUP(N83,Словарь!$A$2:$B$15,2,FALSE()),"Нужно решение") -> Принято с актом | N83: Принято, акт есть | O83: есть (КС-2 в Битрикс24) | P83: =IF(AND(OR(M83="Не начато",M83="В работе",M83="Нужно решение"),C83<TODAY()),TODAY()-C83,"") | Q83: Успешно | R83: срок 01.07.2026 – 16.10.2026; создана 02.10.2026 | T83: 26.10: Принято, акт есть → 27.10 Битрикс: Принято, акт есть | U83: 99
A84: 83 | B84: Июль 2026 | C84: 46234 | D84: Карбышева ул, 49 | E84: УК «Домовой» | F84: Обработка придомовой территории от клещей. | G84: Прочее | I84: 10000 | J84: 10000 | K84: Не распределено | L84: (не назначен) | M84: =IFERROR(VLOOKUP(N84,Словарь!$A$2:$B$15,2,FALSE()),"Нужно решение") -> Принято с актом | N84: Принято, акт есть | O84: есть (КС-2 в Битрикс24) | P84: =IF(AND(OR(M84="Не начато",M84="В работе",M84="Нужно решение"),C84<TODAY()),TODAY()-C84,"") | Q84: Успешно | R84: срок 01.07.2026 – 16.10.2026; создана 02.10.2026 | T84: 26.10: Принято, акт есть → 27.10 Битрикс: Принято, акт есть | U84: 100
A85: 84 | B85: Июль 2026 | C85: 46234 | D85: Карбышева ул, 53 | E85: УК «Домовой» | F85: Обработка придомовой территории от клещей. | G85: Прочее | I85: 8750 | J85: 8750 | K85: Не распределено | L85: (не назначен) | M85: =IFERROR(VLOOKUP(N85,Словарь!$A$2:$B$15,2,FALSE()),"Нужно решение") -> Принято с актом | N85: Принято, акт есть | O85: есть (КС-2 в Битрикс24) | P85: =IF(AND(OR(M85="Не начато",M85="В работе",M85="Нужно решение"),C85<TODAY()),TODAY()-C85,"") | Q85: Успешно | R85: срок 01.07.2026 – 16.10.2026; создана 02.10.2026 | T85: 26.10: Принято, акт есть → 27.10 Битрикс: Принято, акт есть | U85: 101
A86: 85 | B86: Июль 2026 | C86: 46234 | D86: Карла Либкнехта ул, 30 | E86: УК «СВ» | F86: Ремонт цоколя | G86: Прочее | H86: На основании протокола №20251000117380 от 18.11.2025 | I86: 743820 | J86: 743820 | K86: Не распределено | L86: Сандюк Ю.В. | M86: =IFERROR(VLOOKUP(N86,Словарь!$A$2:$B$15,2,FALSE()),"Нужно решение") -> Принято с актом | N86: Принято, акт есть | O86: есть (КС-2 в Битрикс24) | P86: =IF(AND(OR(M86="Не начато",M86="В работе",M86="Нужно решение"),C86<TODAY()),TODAY()-C86,"") | Q86: Успешно | R86: срок 01.07.2026 – 31.07.2026; создана 02.10.2026 | T86: 08.10: Выполнено, акта нет → 26.10: Принято, акт есть → 27.10 Битрикс: Принято, акт есть | U86: 103
A87: 86 | B87: Июль 2026 | C87: 46234 | D87: Карла Либкнехта ул, 32 | E87: УК «СВ» | F87: Ремонт межпанельных швов | G87: Фасад и МПШ | I87: 1121865 | J87: 1121865 | K87: Не распределено | L87: Сандюк Ю.В. | M87: =IFERROR(VLOOKUP(N87,Словарь!$A$2:$B$15,2,FALSE()),"Нужно решение") -> Принято с актом | N87: Принято, акт есть | O87: есть (КС-2 в Битрикс24) | P87: =IF(AND(OR(M87="Не начато",M87="В работе",M87="Нужно решение"),C87<TODAY()),TODAY()-C87,"") | Q87: Успешно | R87: срок 02.10.2026 – 16.10.2026; создана 02.10.2026 | T87: 26.10: Принято, акт есть → 27.10 Битрикс: Принято, акт есть | U87: 102
A88: 87 | B88: Июль 2026 | C88: 46234 | D88: Карла Маркса ул, 63 | E88: УК «Домовой» | F88: Увеличение мощности пластинчатого теплообменника | G88: Прочее | H88: На основании протокола заседания соведа дома от 23.06.2026 | I88: 120000 | J88: 124200 | K88: Не распределено | L88: Шарафутдинов Р.Р. | M88: =IFERROR(VLOOKUP(N88,Словарь!$A$2:$B$15,2,FALSE()),"Нужно решение") -> Принято с актом | N88: Принято, акт есть | O88: есть (КС-2 в Битрикс24) | P88: =IF(AND(OR(M88="Не начато",M88="В работе",M88="Нужно решение"),C88<TODAY()),TODAY()-C88,"") | Q88: Успешно | R88: срок 01.07.2026 – 14.10.2026; создана 02.10.2026 | T88: 08.10: Выполнено, акта нет → 26.10: Принято, акт есть → 27.10 Битрикс: Принято, акт есть | U88: 104
A89: 88 | B89: Июль 2026 | C89: 46234 | D89: Кролюницкого ул, 16 | E89: УК «СВ» | F89: Ремонт ограждения на детской площадке (сварка) | G89: Благоустройство | H89: На основании заявления №1764/ОС от 27.05.2026 | K89: Не распределено | L89: Шарафутдинов Р.Р. | M89: =IFERROR(VLOOKUP(N89,Словарь!$A$2:$B$15,2,FALSE()),"Нужно решение") -> Принято с актом | N89: Принято, акт есть | O89: есть | P89: =IF(AND(OR(M89="Не начато",M89="В работе",M89="Нужно решение"),C89<TODAY()),TODAY()-C89,"") | Q89: Успешно | R89: срок 01.07.2026 – 31.07.2026; создана 02.10.2026 | T89: 08.10: Выполнено, акта нет → 26.10: Принято, акт есть → 27.10 Битрикс: Принято, акт есть · Исполнитель 08.10: По содержанию | U89: 105
A90: 89 | B90: Июль 2026 | C90: 46234 | D90: Кролюницкого ул, 16 | E90: УК «СВ» | F90: Ремонт кровли кв.№144 | G90: Кровля и козырьки | H90: На основании акта пролития от 03.03.2026 | I90: 87088.24 | J90: 87008.24 | K90: Не распределено | L90: Шарафутдинов Р.Р. | M90: =IFERROR(VLOOKUP(N90,Словарь!$A$2:$B$15,2,FALSE()),"Нужно решение") -> Принято с актом | N90: Принято, акт есть | O90: есть (КС-2 в Битрикс24) | P90: =IF(AND(OR(M90="Не начато",M90="В работе",M90="Нужно решение"),C90<TODAY()),TODAY()-C90,"") | Q90: Успешно | R90: срок 01.07.2026 – 31.07.2026; создана 02.10.2026 | T90: 08.10: Выполнено, акта нет → 26.10: Принято, акт есть → 27.10 Битрикс: Принято, акт есть | U90: 106
A91: 90 | B91: Июль 2026 | C91: 46234 | D91: Крымова ул, 63 | E91: УК «СВ» | F91: Замена дверей и укладка плитки на 1-хэтажей | G91: Двери, окна, входные группы | I91: 1121426 | J91: 1121426 | K91: Не распределено | L91: Шарафутдинов Р.Р. | M91: =IFERROR(VLOOKUP(N91,Словарь!$A$2:$B$15,2,FALSE()),"Нужно решение") -> Принято с актом | N91: Принято, акт есть | O91: есть (КС-2 в Битрикс24) | P91: =IF(AND(OR(M91="Не начато",M91="В работе",M91="Нужно решение"),C91<TODAY()),TODAY()-C91,"") | Q91: Успешно | R91: срок 01.07.2026 – 31.07.2026; создана 02.10.2026 | T91: 08.10: Выполнено, акта нет → 26.10: Принято, акт есть → 27.10 Битрикс: Принято, акт есть | U91: 107
A92: 91 | B92: Июль 2026 | C92: 46234 | D92: Любови Шевцовой ул, 54А | E92: УК «СВ» | F92: Замена ОДПУ ХВС | G92: Приборы учёта | H92: На основани заявления №1963/ОС от 10.06.2026 | K92: УК | L92: Мастер участка (Север) | M92: =IFERROR(VLOOKUP(N92,Словарь!$A$2:$B$15,2,FALSE()),"Нужно решение") -> Выполнено, ждёт акта | N92: Выполнено, акта нет | O92: нет | P92: =IF(AND(OR(M92="Не начато",M92="В работе",M92="Нужно решение"),C92<TODAY()),TODAY()-C92,"") | Q92: Успешно | R92: срок 01.07.2026 – 31.07.2026; создана 02.10.2026 | T92: 08.10: Выполнено, акта нет → 26.10: Выполнено, акта нет → 27.10 Битрикс: Выполнено, акта нет | U92: 108
A93: 92 | B93: Июль 2026 | C93: 46234 | D93: Минаева ул, 5 | E93: УК «СВ» | F93: Окраска оснований дефлекторов 30 шт. | G93: Прочее | H93: На основании заявления №1666/ОС от 18.05.2026 | I93: 40000 | J93: 37581 | K93: Не распределено | L93: Сандюк Ю.В. | M93: =IFERROR(VLOOKUP(N93,Словарь!$A$2:$B$15,2,FALSE()),"Нужно решение") -> Принято с актом | N93: Принято, акт есть | O93: есть (КС-2 в Битрикс24) | P93: =IF(AND(OR(M93="Не начато",M93="В работе",M93="Нужно решение"),C93<TODAY()),TODAY()-C93,"") | Q93: Успешно | R93: срок 01.07.2026 – 31.07.2026; создана 02.10.2026 | T93: 08.10: Выполнено, акта нет → 26.10: Принято, акт есть → 27.10 Битрикс: Принято, акт есть | U93: 109
A94: 93 | B94: Июль 2026 | C94: 46234 | D94: Минаева ул, 5 | E94: УК «СВ» | F94: Ремонт цоколя | G94: Прочее | I94: 208007.02 | J94: 225600 | K94: Не распределено | L94: Сандюк Ю.В. | M94: =IFERROR(VLOOKUP(N94,Словарь!$A$2:$B$15,2,FALSE()),"Нужно решение") -> Принято с актом | N94: Принято, акт есть | O94: есть (КС-2 в Битрикс24) | P94: =IF(AND(OR(M94="Не начато",M94="В работе",M94="Нужно решение"),C94<TODAY()),TODAY()-C94,"") | Q94: Успешно | R94: срок 01.07.2026 – 31.07.2026; создана 02.10.2026 | T94: 08.10: Выполнено, акта нет → 26.10: Принято, акт есть → 27.10 Битрикс: Принято, акт есть | U94: 110
A95: 94 | B95: Июль 2026 | C95: 46234 | D95: Московское шоссе, 100 | E95: УК «СВ» | F95: Замена ТРЖ | G95: ТРЖ | H95: На основании заявления №1958/ОС от 10.06.2026 | K95: Подрядчики | L95: (не назначен) | M95: =IFERROR(VLOOKUP(N95,Словарь!$A$2:$B$15,2,FALSE()),"Нужно решение") -> Выполнено, ждёт акта | N95: Выполнено, акта нет | O95: электронный | P95: =IF(AND(OR(M95="Не начато",M95="В работе",M95="Нужно решение"),C95<TODAY()),TODAY()-C95,"") | Q95: Успешно | R95: срок 01.07.2026 – 31.07.2026; создана 02.10.2026 | T95: 08.10: Выполнено, акта нет → 26.10: Выполнено, акта нет → 27.10 Битрикс: Выполнено, акта нет | U95: 111
A96: 95 | B96: Июль 2026 | C96: 46234 | D96: Нариманова пр-т, 89 | E96: УК «СВ» | F96: Замена кранов на системе ЦО и ГВС на чердаке | G96: Инженерные сети | H96: На основании заявления №16146/ОС от 15.05.2026/протокол №20260400124828 от 12.05.2026 | I96: 200000 | K96: УК | L96: Мастер участка (Север) | M96: =IFERROR(VLOOKUP(N96,Словарь!$A$2:$B$15,2,FALSE()),"Нужно решение") -> Выполнено, ждёт акта | N96: Выполнено, акта нет | O96: нет | P96: =IF(AND(OR(M96="Не начато",M96="В работе",M96="Нужно решение"),C96<TODAY()),TODAY()-C96,"") | Q96: Успешно | R96: срок 01.07.2026 – 31.07.2026; создана 02.10.2026 | T96: 08.10: Выполнено, акта нет → 26.10: Выполнено, акта нет → 27.10 Битрикс: Выполнено, акта нет | U96: 112
A97: 96 | B97: Июль 2026 | C97: 46234 | D97: Нариманова пр-т, 92 | E97: УК «СВ» | F97: Установка зонтов на оголовки ДВК | G97: Прочее | H97: На основании пртокола №20250900109837 от 24.09.2025 | I97: 102000 | J97: 136671.55 | K97: Не распределено | L97: Зеленцов А.В. | M97: =IFERROR(VLOOKUP(N97,Словарь!$A$2:$B$15,2,FALSE()),"Нужно решение") -> Принято с актом | N97: Принято, акт есть | O97: есть (КС-2 в Битрикс24) | P97: =IF(AND(OR(M97="Не начато",M97="В работе",M97="Нужно решение"),C97<TODAY()),TODAY()-C97,"") | Q97: Успешно | R97: срок 01.07.2026 – 31.07.2026; создана 02.10.2026 | T97: 08.10: Выполнено, акта нет → 26.10: Принято, акт есть → 27.10 Битрикс: Принято, акт есть | U97: 113
A98: 97 | B98: Июль 2026 | C98: 46234 | D98: Нариманова пр-т, 93 | E98: УК «СВ» | F98: Замена бойпаса на вводе ХВС с заменой ОДПУ ХВС | G98: Приборы учёта | H98: На основании заявления №1864/ОС от 03.06.2026 | K98: УК | L98: Мастер участка (Север) | M98: =IFERROR(VLOOKUP(N98,Словарь!$A$2:$B$15,2,FALSE()),"Нужно решение") -> Выполнено, ждёт акта | N98: Выполнено, акта нет | O98: нет | P98: =IF(AND(OR(M98="Не начато",M98="В работе",M98="Нужно решение"),C98<TODAY()),TODAY()-C98,"") | Q98: Запланировано | R98: срок 01.07.2026 – 31.07.2026; создана 02.10.2026 | T98: 08.10: Выполнено, акта нет → 26.10: Выполнено, акта нет | U98: 114
A99: 98 | B99: Июль 2026 | C99: 46234 | D99: Нариманова пр-т, 97 | E99: УК «СВ» | F99: Ремонт кровли кв.№77,78 (100 кв.м.) | G99: Кровля и козырьки | H99: На основании заявления №1656/ОС от 18.05.2026 | I99: 100000 | K99: УК | L99: Мастер участка (Север) | M99: =IFERROR(VLOOKUP(N99,Словарь!$A$2:$B$15,2,FALSE()),"Нужно решение") -> Выполнено, ждёт акта | N99: Выполнено, акта нет | O99: нет | P99: =IF(AND(OR(M99="Не начато",M99="В работе",M99="Нужно решение"),C99<TODAY()),TODAY()-C99,"") | Q99: Успешно | R99: срок 01.07.2026 – 31.07.2026; создана 02.10.2026 | T99: 08.10: Выполнено, акта нет → 26.10: Выполнено, акта нет → 27.10 Битрикс: Выполнено, акта нет | U99: 115
A100: 99 | B100: Июль 2026 | C100: 46234 | D100: Нариманова пр-т, 97 | E100: УК «СВ» | F100: Установка решеток на двери в подвал 1,3 подъезда | G100: Двери, окна, входные группы | I100: 10000 | J100: 12521.35 | K100: УК | L100: Мастер участка (Север) | M100: =IFERROR(VLOOKUP(N100,Словарь!$A$2:$B$15,2,FALSE()),"Нужно решение") -> Принято с актом | N100: Принято, акт есть | O100: есть (КС-2 в Битрикс24) | P100: =IF(AND(OR(M100="Не начато",M100="В работе",M100="Нужно решение"),C100<TODAY()),TODAY()-C100,"") | Q100: Успешно | R100: срок 01.07.2026 – 31.07.2026; создана 02.10.2026 | T100: 08.10: Выполнено, акта нет → 26.10: Принято, акт есть → 27.10 Битрикс: Принято, акт есть | U100: 116
...

Sheet Сверка
A1: Адрес | B1: Работа | C1: Месяц | D1: Статус в трекере | E1: Мастер | F1: Что расходится | G1: Решение
A2: Пушкарева ул, 40 | B2: Ремонт подъездов №1-4 | C2: Июль | D2: Выполнено, акта нет | F2: статус расходится: Битрикс24: «В работе», а 26.10 — выполнено, акта нет
A3: Пушкарева ул, 6А | B3: Закупка вазонов, 2 шт | C3: Июль | D3: Принято, акт есть | F3: факт: в плане 8000,00 ₽, у исполнителей 10000,00 ₽
A4: Розы Люксембург ул, 50 | B4: Установка урн 6 шт (3 на детской площадке) | C4: Июль | D4: Выполнено, акта нет | E4: Зеленцов А.В. | F4: статус расходится: Битрикс24: «В работе», а 26.10 — выполнено, акта нет
A5: 50-летия ВЛКСМ пр-т, 3 | B5: Ремонт напольной плитки в подъездах (Сырбаков) | C5: Август | D5: Принято, акт есть | F5: факт: в плане 758676,22 ₽, у исполнителей 743600,00 ₽
A6: Гагарина ул, 11 | B6: Установить дверь на балконе 3-го жтажа (Спецстекло) | C6: Август | D6: Принято, акт есть | F6: факт: в плане 67200,00 ₽, у исполнителей 64200,00 ₽
A7: Аблукова ул, 83 | B7: Ремонт кровли над кв. №107 | C7: Сентябрь | D7: Выполнено, акта нет | E7: Гайдуков А.В. | F7: работа есть только в файле исполнителей, в годовом плане 26.10 её нет
A8: Автозаводская ул, 56 | B8: Перенос вентилей ХВС в подвале | C8: Сентябрь | D8: Требует уточнения | E8: Алиев Р.Р. | F8: исполнитель: в файле исполнителей «Алиев/ПТО» — УК или подрядчик?
A9: Ватутина ул, 26 | B9: Установка радиатора библиотека №25, радиатор в наличии | C9: Сентябрь | D9: Требует уточнения | E9: Зеленцов А.В. | F9: исполнитель: в файле исполнителей «Зеленцов/ПТО» — УК или подрядчик?
A10: Гагарина ул, 31 | B10: Установка металлической двери на цокольном этаже | C10: Сентябрь | D10: Снято | F10: в Битрикс24 другой адрес: «улица Гагарина, 3»
A11: Гагарина ул, 31 | B11: Ремонт наружной стены на 17-м этаже | C11: Сентябрь | D11: Не начато | F11: в Битрикс24 другой адрес: «улица Гагарина, 3»
A12: Доватора ул, 9 | B12: Заамена вводной трубы ХВС (наружка) | C12: Сентябрь | D12: Требует уточнения | E12: Алиев Р.Р. | F12: исполнитель: в файле исполнителей «Алиев/ПТО» — УК или подрядчик?
A13: Нариманова пр-т, 112 | B13: Замена стояка ХВС в кв. №6,12,18,24,30,36,42,48,54 | C13: Сентябрь | D13: На контроле | E13: Зеленцов А.В. | F13: исполнитель: в файле исполнителей «Зеленцов/ПТО» — УК или подрядчик?
A14: Нариманова пр-т, 82 | B14: Частичный ремонт розлива ЦО | C14: Сентябрь | D14: Требует уточнения | E14: Зеленцов А.В. | F14: исполнитель: в файле исполнителей «Зеленцов/ПТО» — УК или подрядчик?
A15: Нариманова пр-т, 97 | B15: замена канализационной трубы и стояков ХВС ,ГВС в кв. №84,88,92 | C15: Сентябрь | D15: Требует уточнения | E15: Мастер участка (Север) | F15: исполнитель: в файле исполнителей «Мастер/ПТО» — УК или подрядчик?
A16: Орджоникидзе ул, 55 | B16: Ремонт кровли | C16: Сентябрь | D16: Выполнено, акта нет | E16: Зеленцов А.В. | F16: работа есть только в файле исполнителей, в годовом плане 26.10 её нет
A17: Орлова ул, 27 | B17: Ремонт отмостки возле 6 подъезда | C17: Сентябрь | D17: Голосование ОСС | E17: Шарафутдинов Р.Р. | F17: в Битрикс24 другой адрес: «улица Орлова, 2»
A18: Пушкарева ул, 74 | B18: Залить битумом щели на отмостках (содержание) | C18: Сентябрь | D18: Выполнено, акта нет | E18: Гайдуков А.В. | F18: в Битрикс24 другой адрес: «улица Пушкарёва, 70»
A19: Пушкарева ул, 74 | B19: Замена окна разбитого входная группа подъезд №1 | C19: Сентябрь | D19: Не начато | F19: в Битрикс24 другой адрес: «улица Пушкарёва, 70»
A20: Пушкарева ул, 74 | B20: Установить фотоэлемент для освещения входа в подъезд №2 | C20: Сентябрь | D20: Не начато | F20: в Битрикс24 другой адрес: «улица Пушкарёва, 70»
A21: Пушкарева ул, 74 | B21: Установка пластиковых калпоков на фановые трубы | C21: Сентябрь | D21: На контроле | E21: Гайдуков А.В. | F21: в Битрикс24 другой адрес: «улица Пушкарёва, 70»
A22: Пушкарева ул, 74 | B22: Закончить кирпичную кладку до потолка входная группа подъезд №1 | C22: Сентябрь | D22: Не начато | F22: в Битрикс24 другой адрес: «улица Пушкарёва, 70»
A23: Пушкарева ул, 74 | B23: Восстановить козырьки коробов вентиляции, 10 шт,сетчатое ограждение, сетчатое ограждение над кв. №162 | C23: Сентябрь | D23: Не начато | F23: в Битрикс24 другой адрес: «улица Пушкарёва, 70»
A24: Пушкарева ул, 74 | B24: Замена трубы ХВС в кв. №66 | C24: Сентябрь | D24: На контроле | E24: Гайдуков А.В. | F24: в Битрикс24 другой адрес: «улица Пушкарёва, 70»
A25: Радищева ул, 126 | B25: Ремонт л/к, два подъезда с 1-й по 2-й этаж (покараска,побелка, плитка напольняа) | C25: Сентябрь | D25: Нет статуса | F25: работа есть только в файле исполнителей, в годовом плане 26.10 её нет
A26: Средний Венец ул, 1 | B26: Ремонт кровли над кв 61,63 | C26: Сентябрь | D26: Выполнено, акта нет | E26: Мастер участка (Север) | F26: работа есть только в файле исполнителей, в годовом плане 26.10 её нет
A27: Автозаводская ул, 28 | B27: Ремонт мягкой кровли лоджии кв. №209 (16 кв.м) | C27: Октябрь | D27: Выполнено, акта нет | E27: Алиев Р.Р. | F27: статус расходится: Битрикс24: «Просрочено», а 08.10 — выполнено, акта нет
A28: Пожарского ул, 29А | B28: Ремонт кровли кв. №59 | C28: Октябрь | D28: Выполнено, акта нет | E28: Алиев Р.Р. | F28: статус расходится: Битрикс24: «В работе», а 08.10 — выполнено, акта нет
A29: Полбина пр-д, 22 | B29: Ремонт МПШ кв.№67 | C29: Октябрь | D29: Не начато | E29: Наумова Т.Ю. | F29: в Битрикс24 другой адрес: «проезд Полбина, 32»
A30: Пушкарева ул, 74 | B30: Ремонт п/сушителя и кварна ГВС в ванной в кв. №258 | C30: Октябрь | D30: В работе | E30: Гайдуков А.В. | F30: в Битрикс24 другой адрес: «улица Пушкарёва, 74/107»
A31: Циолковского ул, 5 | B31: Замена выпуска канализации подъезд №1 | C31: Октябрь | D31: Выполнено, акта нет | E31: Зеленцов А.В. | F31: статус расходится: Битрикс24: «Просрочено», а 08.10 — выполнено, акта нет
A32: Гагарина ул, 31/2А | B32: Установить светильник с датчиком движения на 4-м этаже около мусоропровода | C32: Ноябрь | D32: Не начато | E32: Наумова Т.Ю. | F32: работа есть только в Битрикс24, в годовом плане 26.10 её нет
A34: Столбец «Решение» (жёлтый) заполняет ПТО или администратор трекера, например: «верно по плану», «адрес — Пушкарева 74».

Sheet Словарь
A1: Статус в трекере | B1: Стадия (как на странице трекера) | C1: Может быть просрочена
A2: Не начато | B2: Не начато | C2: да
A3: Передано исполнителю | B3: Не начато | C3: да
A4: В работе | B4: В работе | C4: да
A5: На контроле | B5: В работе | C5: да
A6: Материал заказан | B6: В работе | C6: да
A7: Выполнено, акта нет | B7: Выполнено, ждёт акта
A8: Принято, акт есть | B8: Принято с актом
A9: Отложено на зиму | B9: Отложено на зиму
A10: Нужно решение | B10: Нужно решение | C10: да
A11: Требует уточнения | B11: Нужно решение | C11: да
A12: Нет статуса | B12: Нужно решение | C12: да
A13: Вопрос капремонта | B13: Нужно решение | C13: да
A14: Голосование ОСС | B14: Нужно решение | C14: да
A15: Снято | B15: Снято с плана
A17: Соответствие статусов в источниках и в трекере
A18: Источник | B18: Как записано в источнике | C18: Статус в трекере | D18: Примечание
A19: Годовой план ПТО | B19: зелёная строка | C19: Принято, акт есть
A20: Годовой план ПТО | B20: жёлтая строка, «Выполнено», «Акта нет» | C20: Выполнено, акта нет
A21: Годовой план ПТО | B21: красная строка, «отмена», «отказ» | C21: Снято
A22: Годовой план ПТО | B22: оранжевая строка | C22: (исполнитель УК) | D22: цвет говорит об исполнителе, а не о статусе
A23: Годовой план ПТО | B23: серая строка | C23: (исполнитель — Подрядчики) | D23: цвет говорит об исполнителе, а не о статусе
A24: Файл исполнителей | B24: в столбце исполнителя «ПТО» | C24: (исполнитель — Подрядчики)
A25: Файл исполнителей | B25: в столбце исполнителя мастер или электрик | C25: (исполнитель УК) | D25: работа своими силами
A26: Файл исполнителей | B26: выполнено | C26: Выполнено, акта нет | D26: пока ПТО не подтвердит акт
A27: Файл исполнителей | B27: в работе | C27: В работе
A28: Файл исполнителей | B28: на контроле | C28: На контроле | D28: предложение: заменить на «В работе» с комментарием, что мешает
A29: Файл исполнителей | B29: зима | C29: Отложено на зиму
A30: Файл исполнителей | B30: отказ, отмена | C30: Снято
A31: Файл исполнителей | B31: ????? | C31: Требует уточнения
A32: Файл исполнителей | B32: Акт в ПТО / Акта нет / как подписывать | C32: (поле «Акт») | D32: это состояние акта, а не статус работы
A33: Битрикс24 | B33: Запланировано | C33: не меняет статус | D33: стоит и у выполненных работ — стадии не ведутся
A34: Битрикс24 | B34: В работе, Просрочено, В работе. Утверждена дата | C34: В работе
A35: Битрикс24 | B35: Выполнено, документы не сданы | C35: Выполнено, акта нет
A36: Битрикс24 | B36: Успешно | C36: Принято, акт есть — если есть КС-2 или зелёная строка, иначе «Выполнено, акта нет» | D36: смысл стадии нужно подтвердить
A37: Битрикс24 | B37: Отказано | C37: Снято
A39: Предложение по соответствию — для утверждения (вопрос о едином словаре статусов).
